ID,supplier_ID,date,yearMonth,year,amount
SPD-001-2024-01-01,SUP-001,2024-01-01,2024-01,2024,295
SPD-001-2024-01-08,SUP-001,2024-01-08,2024-01,2024,346
SPD-001-2024-01-15,SUP-001,2024-01-15,2024-01,2024,281
SPD-001-2024-01-22,SUP-001,2024-01-22,2024-01,2024,290
SPD-001-2024-01-29,SUP-001,2024-01-29,2024-01,2024,282
SPD-001-2024-02-05,SUP-001,2024-02-05,2024-02,2024,310
SPD-001-2024-02-12,SUP-001,2024-02-12,2024-02,2024,387
SPD-001-2024-02-19,SUP-001,2024-02-19,2024-02,2024,380
SPD-001-2024-02-26,SUP-001,2024-02-26,2024-02,2024,381
SPD-001-2024-03-04,SUP-001,2024-03-04,2024-03,2024,404
SPD-001-2024-03-11,SUP-001,2024-03-11,2024-03,2024,420
SPD-001-2024-03-18,SUP-001,2024-03-18,2024-03,2024,372
SPD-001-2024-03-25,SUP-001,2024-03-25,2024-03,2024,353
SPD-001-2024-04-01,SUP-001,2024-04-01,2024-04,2024,327
SPD-001-2024-04-08,SUP-001,2024-04-08,2024-04,2024,213
SPD-001-2024-04-15,SUP-001,2024-04-15,2024-04,2024,242
SPD-001-2024-04-22,SUP-001,2024-04-22,2024-04,2024,261
SPD-001-2024-04-29,SUP-001,2024-04-29,2024-04,2024,317
SPD-001-2024-05-06,SUP-001,2024-05-06,2024-05,2024,352
SPD-001-2024-05-13,SUP-001,2024-05-13,2024-05,2024,311
SPD-001-2024-05-20,SUP-001,2024-05-20,2024-05,2024,291
SPD-001-2024-05-27,SUP-001,2024-05-27,2024-05,2024,370
SPD-001-2024-06-03,SUP-001,2024-06-03,2024-06,2024,369
SPD-001-2024-06-10,SUP-001,2024-06-10,2024-06,2024,408
SPD-001-2024-06-17,SUP-001,2024-06-17,2024-06,2024,347
SPD-001-2024-06-24,SUP-001,2024-06-24,2024-06,2024,389
SPD-001-2024-07-01,SUP-001,2024-07-01,2024-07,2024,462
SPD-001-2024-07-08,SUP-001,2024-07-08,2024-07,2024,443
SPD-001-2024-07-15,SUP-001,2024-07-15,2024-07,2024,477
SPD-001-2024-07-22,SUP-001,2024-07-22,2024-07,2024,450
SPD-001-2024-07-29,SUP-001,2024-07-29,2024-07,2024,410
SPD-001-2024-08-05,SUP-001,2024-08-05,2024-08,2024,240
SPD-001-2024-08-12,SUP-001,2024-08-12,2024-08,2024,294
SPD-001-2024-08-19,SUP-001,2024-08-19,2024-08,2024,232
SPD-001-2024-08-26,SUP-001,2024-08-26,2024-08,2024,242
SPD-001-2024-09-02,SUP-001,2024-09-02,2024-09,2024,376
SPD-001-2024-09-09,SUP-001,2024-09-09,2024-09,2024,374
SPD-001-2024-09-16,SUP-001,2024-09-16,2024-09,2024,386
SPD-001-2024-09-23,SUP-001,2024-09-23,2024-09,2024,300
SPD-001-2024-09-30,SUP-001,2024-09-30,2024-09,2024,295
SPD-001-2024-10-07,SUP-001,2024-10-07,2024-10,2024,435
SPD-001-2024-10-14,SUP-001,2024-10-14,2024-10,2024,414
SPD-001-2024-10-21,SUP-001,2024-10-21,2024-10,2024,393
SPD-001-2024-10-28,SUP-001,2024-10-28,2024-10,2024,397
SPD-001-2024-11-04,SUP-001,2024-11-04,2024-11,2024,477
SPD-001-2024-11-11,SUP-001,2024-11-11,2024-11,2024,463
SPD-001-2024-11-18,SUP-001,2024-11-18,2024-11,2024,403
SPD-001-2024-11-25,SUP-001,2024-11-25,2024-11,2024,420
SPD-001-2024-12-02,SUP-001,2024-12-02,2024-12,2024,305
SPD-001-2024-12-09,SUP-001,2024-12-09,2024-12,2024,252
SPD-001-2024-12-16,SUP-001,2024-12-16,2024-12,2024,349
SPD-001-2024-12-23,SUP-001,2024-12-23,2024-12,2024,329
SPD-001-2024-12-30,SUP-001,2024-12-30,2024-12,2024,320
SPD-001-2025-01-06,SUP-001,2025-01-06,2025-01,2025,296
SPD-001-2025-01-13,SUP-001,2025-01-13,2025-01,2025,328
SPD-001-2025-01-20,SUP-001,2025-01-20,2025-01,2025,342
SPD-001-2025-01-27,SUP-001,2025-01-27,2025-01,2025,301
SPD-001-2025-02-03,SUP-001,2025-02-03,2025-02,2025,404
SPD-001-2025-02-10,SUP-001,2025-02-10,2025-02,2025,461
SPD-001-2025-02-17,SUP-001,2025-02-17,2025-02,2025,451
SPD-001-2025-02-24,SUP-001,2025-02-24,2025-02,2025,403
SPD-001-2025-03-03,SUP-001,2025-03-03,2025-03,2025,475
SPD-001-2025-03-10,SUP-001,2025-03-10,2025-03,2025,471
SPD-001-2025-03-17,SUP-001,2025-03-17,2025-03,2025,414
SPD-001-2025-03-24,SUP-001,2025-03-24,2025-03,2025,484
SPD-001-2025-03-31,SUP-001,2025-03-31,2025-03,2025,501
SPD-001-2025-04-07,SUP-001,2025-04-07,2025-04,2025,301
SPD-001-2025-04-14,SUP-001,2025-04-14,2025-04,2025,354
SPD-001-2025-04-21,SUP-001,2025-04-21,2025-04,2025,315
SPD-001-2025-04-28,SUP-001,2025-04-28,2025-04,2025,369
SPD-001-2025-05-05,SUP-001,2025-05-05,2025-05,2025,346
SPD-001-2025-05-12,SUP-001,2025-05-12,2025-05,2025,306
SPD-001-2025-05-19,SUP-001,2025-05-19,2025-05,2025,360
SPD-001-2025-05-26,SUP-001,2025-05-26,2025-05,2025,353
SPD-001-2025-06-02,SUP-001,2025-06-02,2025-06,2025,430
SPD-001-2025-06-09,SUP-001,2025-06-09,2025-06,2025,364
SPD-001-2025-06-16,SUP-001,2025-06-16,2025-06,2025,473
SPD-001-2025-06-23,SUP-001,2025-06-23,2025-06,2025,456
SPD-001-2025-06-30,SUP-001,2025-06-30,2025-06,2025,455
SPD-001-2025-07-07,SUP-001,2025-07-07,2025-07,2025,459
SPD-001-2025-07-14,SUP-001,2025-07-14,2025-07,2025,421
SPD-001-2025-07-21,SUP-001,2025-07-21,2025-07,2025,477
SPD-001-2025-07-28,SUP-001,2025-07-28,2025-07,2025,464
SPD-001-2025-08-04,SUP-001,2025-08-04,2025-08,2025,336
SPD-001-2025-08-11,SUP-001,2025-08-11,2025-08,2025,362
SPD-001-2025-08-18,SUP-001,2025-08-18,2025-08,2025,264
SPD-001-2025-08-25,SUP-001,2025-08-25,2025-08,2025,376
SPD-001-2025-09-01,SUP-001,2025-09-01,2025-09,2025,369
SPD-001-2025-09-08,SUP-001,2025-09-08,2025-09,2025,349
SPD-001-2025-09-15,SUP-001,2025-09-15,2025-09,2025,334
SPD-001-2025-09-22,SUP-001,2025-09-22,2025-09,2025,392
SPD-001-2025-09-29,SUP-001,2025-09-29,2025-09,2025,348
SPD-001-2025-10-06,SUP-001,2025-10-06,2025-10,2025,407
SPD-001-2025-10-13,SUP-001,2025-10-13,2025-10,2025,444
SPD-001-2025-10-20,SUP-001,2025-10-20,2025-10,2025,424
SPD-001-2025-10-27,SUP-001,2025-10-27,2025-10,2025,386
SPD-001-2025-11-03,SUP-001,2025-11-03,2025-11,2025,467
SPD-001-2025-11-10,SUP-001,2025-11-10,2025-11,2025,442
SPD-001-2025-11-17,SUP-001,2025-11-17,2025-11,2025,536
SPD-001-2025-11-24,SUP-001,2025-11-24,2025-11,2025,472
SPD-001-2025-12-01,SUP-001,2025-12-01,2025-12,2025,299
SPD-001-2025-12-08,SUP-001,2025-12-08,2025-12,2025,371
SPD-001-2025-12-15,SUP-001,2025-12-15,2025-12,2025,354
SPD-001-2025-12-22,SUP-001,2025-12-22,2025-12,2025,383
SPD-001-2025-12-29,SUP-001,2025-12-29,2025-12,2025,349
SPD-001-2026-01-05,SUP-001,2026-01-05,2026-01,2026,402
SPD-001-2026-01-12,SUP-001,2026-01-12,2026-01,2026,405
SPD-001-2026-01-19,SUP-001,2026-01-19,2026-01,2026,450
SPD-001-2026-01-26,SUP-001,2026-01-26,2026-01,2026,352
SPD-001-2026-02-02,SUP-001,2026-02-02,2026-02,2026,425
SPD-001-2026-02-09,SUP-001,2026-02-09,2026-02,2026,478
SPD-001-2026-02-16,SUP-001,2026-02-16,2026-02,2026,434
SPD-001-2026-02-23,SUP-001,2026-02-23,2026-02,2026,513
SPD-001-2026-03-02,SUP-001,2026-03-02,2026-03,2026,496
SPD-001-2026-03-09,SUP-001,2026-03-09,2026-03,2026,494
SPD-001-2026-03-16,SUP-001,2026-03-16,2026-03,2026,476
SPD-001-2026-03-23,SUP-001,2026-03-23,2026-03,2026,498
SPD-001-2026-03-30,SUP-001,2026-03-30,2026-03,2026,469
SPD-001-2026-04-06,SUP-001,2026-04-06,2026-04,2026,405
SPD-001-2026-04-13,SUP-001,2026-04-13,2026-04,2026,362
SPD-001-2026-04-20,SUP-001,2026-04-20,2026-04,2026,364
SPD-001-2026-04-27,SUP-001,2026-04-27,2026-04,2026,391
SPD-001-2026-05-04,SUP-001,2026-05-04,2026-05,2026,383
SPD-001-2026-05-11,SUP-001,2026-05-11,2026-05,2026,391
SPD-001-2026-05-18,SUP-001,2026-05-18,2026-05,2026,351
SPD-001-2026-05-25,SUP-001,2026-05-25,2026-05,2026,357
SPD-001-2026-06-01,SUP-001,2026-06-01,2026-06,2026,506
SPD-001-2026-06-08,SUP-001,2026-06-08,2026-06,2026,455
SPD-001-2026-06-15,SUP-001,2026-06-15,2026-06,2026,414
SPD-002-2024-01-01,SUP-002,2024-01-01,2024-01,2024,324
SPD-002-2024-01-08,SUP-002,2024-01-08,2024-01,2024,263
SPD-002-2024-01-15,SUP-002,2024-01-15,2024-01,2024,290
SPD-002-2024-01-22,SUP-002,2024-01-22,2024-01,2024,312
SPD-002-2024-01-29,SUP-002,2024-01-29,2024-01,2024,238
SPD-002-2024-02-05,SUP-002,2024-02-05,2024-02,2024,366
SPD-002-2024-02-12,SUP-002,2024-02-12,2024-02,2024,299
SPD-002-2024-02-19,SUP-002,2024-02-19,2024-02,2024,314
SPD-002-2024-02-26,SUP-002,2024-02-26,2024-02,2024,309
SPD-002-2024-03-04,SUP-002,2024-03-04,2024-03,2024,327
SPD-002-2024-03-11,SUP-002,2024-03-11,2024-03,2024,414
SPD-002-2024-03-18,SUP-002,2024-03-18,2024-03,2024,411
SPD-002-2024-03-25,SUP-002,2024-03-25,2024-03,2024,437
SPD-002-2024-04-01,SUP-002,2024-04-01,2024-04,2024,260
SPD-002-2024-04-08,SUP-002,2024-04-08,2024-04,2024,201
SPD-002-2024-04-15,SUP-002,2024-04-15,2024-04,2024,278
SPD-002-2024-04-22,SUP-002,2024-04-22,2024-04,2024,272
SPD-002-2024-04-29,SUP-002,2024-04-29,2024-04,2024,268
SPD-002-2024-05-06,SUP-002,2024-05-06,2024-05,2024,331
SPD-002-2024-05-13,SUP-002,2024-05-13,2024-05,2024,261
SPD-002-2024-05-20,SUP-002,2024-05-20,2024-05,2024,296
SPD-002-2024-05-27,SUP-002,2024-05-27,2024-05,2024,308
SPD-002-2024-06-03,SUP-002,2024-06-03,2024-06,2024,382
SPD-002-2024-06-10,SUP-002,2024-06-10,2024-06,2024,365
SPD-002-2024-06-17,SUP-002,2024-06-17,2024-06,2024,395
SPD-002-2024-06-24,SUP-002,2024-06-24,2024-06,2024,342
SPD-002-2024-07-01,SUP-002,2024-07-01,2024-07,2024,359
SPD-002-2024-07-08,SUP-002,2024-07-08,2024-07,2024,362
SPD-002-2024-07-15,SUP-002,2024-07-15,2024-07,2024,370
SPD-002-2024-07-22,SUP-002,2024-07-22,2024-07,2024,359
SPD-002-2024-07-29,SUP-002,2024-07-29,2024-07,2024,427
SPD-002-2024-08-05,SUP-002,2024-08-05,2024-08,2024,225
SPD-002-2024-08-12,SUP-002,2024-08-12,2024-08,2024,328
SPD-002-2024-08-19,SUP-002,2024-08-19,2024-08,2024,239
SPD-002-2024-08-26,SUP-002,2024-08-26,2024-08,2024,219
SPD-002-2024-09-02,SUP-002,2024-09-02,2024-09,2024,365
SPD-002-2024-09-09,SUP-002,2024-09-09,2024-09,2024,327
SPD-002-2024-09-16,SUP-002,2024-09-16,2024-09,2024,299
SPD-002-2024-09-23,SUP-002,2024-09-23,2024-09,2024,363
SPD-002-2024-09-30,SUP-002,2024-09-30,2024-09,2024,374
SPD-002-2024-10-07,SUP-002,2024-10-07,2024-10,2024,424
SPD-002-2024-10-14,SUP-002,2024-10-14,2024-10,2024,348
SPD-002-2024-10-21,SUP-002,2024-10-21,2024-10,2024,412
SPD-002-2024-10-28,SUP-002,2024-10-28,2024-10,2024,350
SPD-002-2024-11-04,SUP-002,2024-11-04,2024-11,2024,362
SPD-002-2024-11-11,SUP-002,2024-11-11,2024-11,2024,377
SPD-002-2024-11-18,SUP-002,2024-11-18,2024-11,2024,476
SPD-002-2024-11-25,SUP-002,2024-11-25,2024-11,2024,412
SPD-002-2024-12-02,SUP-002,2024-12-02,2024-12,2024,234
SPD-002-2024-12-09,SUP-002,2024-12-09,2024-12,2024,312
SPD-002-2024-12-16,SUP-002,2024-12-16,2024-12,2024,323
SPD-002-2024-12-23,SUP-002,2024-12-23,2024-12,2024,264
SPD-002-2024-12-30,SUP-002,2024-12-30,2024-12,2024,333
SPD-002-2025-01-06,SUP-002,2025-01-06,2025-01,2025,305
SPD-002-2025-01-13,SUP-002,2025-01-13,2025-01,2025,358
SPD-002-2025-01-20,SUP-002,2025-01-20,2025-01,2025,326
SPD-002-2025-01-27,SUP-002,2025-01-27,2025-01,2025,336
SPD-002-2025-02-03,SUP-002,2025-02-03,2025-02,2025,332
SPD-002-2025-02-10,SUP-002,2025-02-10,2025-02,2025,393
SPD-002-2025-02-17,SUP-002,2025-02-17,2025-02,2025,335
SPD-002-2025-02-24,SUP-002,2025-02-24,2025-02,2025,395
SPD-002-2025-03-03,SUP-002,2025-03-03,2025-03,2025,455
SPD-002-2025-03-10,SUP-002,2025-03-10,2025-03,2025,405
SPD-002-2025-03-17,SUP-002,2025-03-17,2025-03,2025,404
SPD-002-2025-03-24,SUP-002,2025-03-24,2025-03,2025,445
SPD-002-2025-03-31,SUP-002,2025-03-31,2025-03,2025,411
SPD-002-2025-04-07,SUP-002,2025-04-07,2025-04,2025,309
SPD-002-2025-04-14,SUP-002,2025-04-14,2025-04,2025,257
SPD-002-2025-04-21,SUP-002,2025-04-21,2025-04,2025,339
SPD-002-2025-04-28,SUP-002,2025-04-28,2025-04,2025,275
SPD-002-2025-05-05,SUP-002,2025-05-05,2025-05,2025,293
SPD-002-2025-05-12,SUP-002,2025-05-12,2025-05,2025,380
SPD-002-2025-05-19,SUP-002,2025-05-19,2025-05,2025,402
SPD-002-2025-05-26,SUP-002,2025-05-26,2025-05,2025,352
SPD-002-2025-06-02,SUP-002,2025-06-02,2025-06,2025,414
SPD-002-2025-06-09,SUP-002,2025-06-09,2025-06,2025,390
SPD-002-2025-06-16,SUP-002,2025-06-16,2025-06,2025,446
SPD-002-2025-06-23,SUP-002,2025-06-23,2025-06,2025,404
SPD-002-2025-06-30,SUP-002,2025-06-30,2025-06,2025,371
SPD-002-2025-07-07,SUP-002,2025-07-07,2025-07,2025,463
SPD-002-2025-07-14,SUP-002,2025-07-14,2025-07,2025,446
SPD-002-2025-07-21,SUP-002,2025-07-21,2025-07,2025,461
SPD-002-2025-07-28,SUP-002,2025-07-28,2025-07,2025,477
SPD-002-2025-08-04,SUP-002,2025-08-04,2025-08,2025,304
SPD-002-2025-08-11,SUP-002,2025-08-11,2025-08,2025,258
SPD-002-2025-08-18,SUP-002,2025-08-18,2025-08,2025,308
SPD-002-2025-08-25,SUP-002,2025-08-25,2025-08,2025,346
SPD-002-2025-09-01,SUP-002,2025-09-01,2025-09,2025,328
SPD-002-2025-09-08,SUP-002,2025-09-08,2025-09,2025,331
SPD-002-2025-09-15,SUP-002,2025-09-15,2025-09,2025,364
SPD-002-2025-09-22,SUP-002,2025-09-22,2025-09,2025,344
SPD-002-2025-09-29,SUP-002,2025-09-29,2025-09,2025,409
SPD-002-2025-10-06,SUP-002,2025-10-06,2025-10,2025,380
SPD-002-2025-10-13,SUP-002,2025-10-13,2025-10,2025,403
SPD-002-2025-10-20,SUP-002,2025-10-20,2025-10,2025,434
SPD-002-2025-10-27,SUP-002,2025-10-27,2025-10,2025,362
SPD-002-2025-11-03,SUP-002,2025-11-03,2025-11,2025,507
SPD-002-2025-11-10,SUP-002,2025-11-10,2025-11,2025,486
SPD-002-2025-11-17,SUP-002,2025-11-17,2025-11,2025,486
SPD-002-2025-11-24,SUP-002,2025-11-24,2025-11,2025,481
SPD-002-2025-12-01,SUP-002,2025-12-01,2025-12,2025,314
SPD-002-2025-12-08,SUP-002,2025-12-08,2025-12,2025,267
SPD-002-2025-12-15,SUP-002,2025-12-15,2025-12,2025,376
SPD-002-2025-12-22,SUP-002,2025-12-22,2025-12,2025,369
SPD-002-2025-12-29,SUP-002,2025-12-29,2025-12,2025,305
SPD-002-2026-01-05,SUP-002,2026-01-05,2026-01,2026,390
SPD-002-2026-01-12,SUP-002,2026-01-12,2026-01,2026,338
SPD-002-2026-01-19,SUP-002,2026-01-19,2026-01,2026,437
SPD-002-2026-01-26,SUP-002,2026-01-26,2026-01,2026,390
SPD-002-2026-02-02,SUP-002,2026-02-02,2026-02,2026,402
SPD-002-2026-02-09,SUP-002,2026-02-09,2026-02,2026,452
SPD-002-2026-02-16,SUP-002,2026-02-16,2026-02,2026,415
SPD-002-2026-02-23,SUP-002,2026-02-23,2026-02,2026,423
SPD-002-2026-03-02,SUP-002,2026-03-02,2026-03,2026,452
SPD-002-2026-03-09,SUP-002,2026-03-09,2026-03,2026,527
SPD-002-2026-03-16,SUP-002,2026-03-16,2026-03,2026,459
SPD-002-2026-03-23,SUP-002,2026-03-23,2026-03,2026,471
SPD-002-2026-03-30,SUP-002,2026-03-30,2026-03,2026,489
SPD-002-2026-04-06,SUP-002,2026-04-06,2026-04,2026,318
SPD-002-2026-04-13,SUP-002,2026-04-13,2026-04,2026,331
SPD-002-2026-04-20,SUP-002,2026-04-20,2026-04,2026,350
SPD-002-2026-04-27,SUP-002,2026-04-27,2026-04,2026,287
SPD-002-2026-05-04,SUP-002,2026-05-04,2026-05,2026,397
SPD-002-2026-05-11,SUP-002,2026-05-11,2026-05,2026,345
SPD-002-2026-05-18,SUP-002,2026-05-18,2026-05,2026,398
SPD-002-2026-05-25,SUP-002,2026-05-25,2026-05,2026,334
SPD-002-2026-06-01,SUP-002,2026-06-01,2026-06,2026,413
SPD-002-2026-06-08,SUP-002,2026-06-08,2026-06,2026,510
SPD-002-2026-06-15,SUP-002,2026-06-15,2026-06,2026,464
SPD-003-2024-01-01,SUP-003,2024-01-01,2024-01,2024,422
SPD-003-2024-01-08,SUP-003,2024-01-08,2024-01,2024,403
SPD-003-2024-01-15,SUP-003,2024-01-15,2024-01,2024,431
SPD-003-2024-01-22,SUP-003,2024-01-22,2024-01,2024,358
SPD-003-2024-01-29,SUP-003,2024-01-29,2024-01,2024,394
SPD-003-2024-02-05,SUP-003,2024-02-05,2024-02,2024,452
SPD-003-2024-02-12,SUP-003,2024-02-12,2024-02,2024,452
SPD-003-2024-02-19,SUP-003,2024-02-19,2024-02,2024,505
SPD-003-2024-02-26,SUP-003,2024-02-26,2024-02,2024,461
SPD-003-2024-03-04,SUP-003,2024-03-04,2024-03,2024,472
SPD-003-2024-03-11,SUP-003,2024-03-11,2024-03,2024,524
SPD-003-2024-03-18,SUP-003,2024-03-18,2024-03,2024,528
SPD-003-2024-03-25,SUP-003,2024-03-25,2024-03,2024,519
SPD-003-2024-04-01,SUP-003,2024-04-01,2024-04,2024,347
SPD-003-2024-04-08,SUP-003,2024-04-08,2024-04,2024,292
SPD-003-2024-04-15,SUP-003,2024-04-15,2024-04,2024,329
SPD-003-2024-04-22,SUP-003,2024-04-22,2024-04,2024,326
SPD-003-2024-04-29,SUP-003,2024-04-29,2024-04,2024,317
SPD-003-2024-05-06,SUP-003,2024-05-06,2024-05,2024,354
SPD-003-2024-05-13,SUP-003,2024-05-13,2024-05,2024,459
SPD-003-2024-05-20,SUP-003,2024-05-20,2024-05,2024,470
SPD-003-2024-05-27,SUP-003,2024-05-27,2024-05,2024,415
SPD-003-2024-06-03,SUP-003,2024-06-03,2024-06,2024,459
SPD-003-2024-06-10,SUP-003,2024-06-10,2024-06,2024,513
SPD-003-2024-06-17,SUP-003,2024-06-17,2024-06,2024,460
SPD-003-2024-06-24,SUP-003,2024-06-24,2024-06,2024,447
SPD-003-2024-07-01,SUP-003,2024-07-01,2024-07,2024,486
SPD-003-2024-07-08,SUP-003,2024-07-08,2024-07,2024,515
SPD-003-2024-07-15,SUP-003,2024-07-15,2024-07,2024,495
SPD-003-2024-07-22,SUP-003,2024-07-22,2024-07,2024,550
SPD-003-2024-07-29,SUP-003,2024-07-29,2024-07,2024,571
SPD-003-2024-08-05,SUP-003,2024-08-05,2024-08,2024,397
SPD-003-2024-08-12,SUP-003,2024-08-12,2024-08,2024,310
SPD-003-2024-08-19,SUP-003,2024-08-19,2024-08,2024,313
SPD-003-2024-08-26,SUP-003,2024-08-26,2024-08,2024,325
SPD-003-2024-09-02,SUP-003,2024-09-02,2024-09,2024,432
SPD-003-2024-09-09,SUP-003,2024-09-09,2024-09,2024,463
SPD-003-2024-09-16,SUP-003,2024-09-16,2024-09,2024,490
SPD-003-2024-09-23,SUP-003,2024-09-23,2024-09,2024,414
SPD-003-2024-09-30,SUP-003,2024-09-30,2024-09,2024,455
SPD-003-2024-10-07,SUP-003,2024-10-07,2024-10,2024,465
SPD-003-2024-10-14,SUP-003,2024-10-14,2024-10,2024,540
SPD-003-2024-10-21,SUP-003,2024-10-21,2024-10,2024,454
SPD-003-2024-10-28,SUP-003,2024-10-28,2024-10,2024,542
SPD-003-2024-11-04,SUP-003,2024-11-04,2024-11,2024,622
SPD-003-2024-11-11,SUP-003,2024-11-11,2024-11,2024,612
SPD-003-2024-11-18,SUP-003,2024-11-18,2024-11,2024,616
SPD-003-2024-11-25,SUP-003,2024-11-25,2024-11,2024,514
SPD-003-2024-12-02,SUP-003,2024-12-02,2024-12,2024,383
SPD-003-2024-12-09,SUP-003,2024-12-09,2024-12,2024,394
SPD-003-2024-12-16,SUP-003,2024-12-16,2024-12,2024,432
SPD-003-2024-12-23,SUP-003,2024-12-23,2024-12,2024,425
SPD-003-2024-12-30,SUP-003,2024-12-30,2024-12,2024,447
SPD-003-2025-01-06,SUP-003,2025-01-06,2025-01,2025,421
SPD-003-2025-01-13,SUP-003,2025-01-13,2025-01,2025,505
SPD-003-2025-01-20,SUP-003,2025-01-20,2025-01,2025,478
SPD-003-2025-01-27,SUP-003,2025-01-27,2025-01,2025,399
SPD-003-2025-02-03,SUP-003,2025-02-03,2025-02,2025,570
SPD-003-2025-02-10,SUP-003,2025-02-10,2025-02,2025,514
SPD-003-2025-02-17,SUP-003,2025-02-17,2025-02,2025,565
SPD-003-2025-02-24,SUP-003,2025-02-24,2025-02,2025,481
SPD-003-2025-03-03,SUP-003,2025-03-03,2025-03,2025,586
SPD-003-2025-03-10,SUP-003,2025-03-10,2025-03,2025,540
SPD-003-2025-03-17,SUP-003,2025-03-17,2025-03,2025,628
SPD-003-2025-03-24,SUP-003,2025-03-24,2025-03,2025,605
SPD-003-2025-03-31,SUP-003,2025-03-31,2025-03,2025,544
SPD-003-2025-04-07,SUP-003,2025-04-07,2025-04,2025,366
SPD-003-2025-04-14,SUP-003,2025-04-14,2025-04,2025,411
SPD-003-2025-04-21,SUP-003,2025-04-21,2025-04,2025,377
SPD-003-2025-04-28,SUP-003,2025-04-28,2025-04,2025,379
SPD-003-2025-05-05,SUP-003,2025-05-05,2025-05,2025,458
SPD-003-2025-05-12,SUP-003,2025-05-12,2025-05,2025,458
SPD-003-2025-05-19,SUP-003,2025-05-19,2025-05,2025,535
SPD-003-2025-05-26,SUP-003,2025-05-26,2025-05,2025,485
SPD-003-2025-06-02,SUP-003,2025-06-02,2025-06,2025,558
SPD-003-2025-06-09,SUP-003,2025-06-09,2025-06,2025,589
SPD-003-2025-06-16,SUP-003,2025-06-16,2025-06,2025,540
SPD-003-2025-06-23,SUP-003,2025-06-23,2025-06,2025,539
SPD-003-2025-06-30,SUP-003,2025-06-30,2025-06,2025,605
SPD-003-2025-07-07,SUP-003,2025-07-07,2025-07,2025,558
SPD-003-2025-07-14,SUP-003,2025-07-14,2025-07,2025,627
SPD-003-2025-07-21,SUP-003,2025-07-21,2025-07,2025,657
SPD-003-2025-07-28,SUP-003,2025-07-28,2025-07,2025,606
SPD-003-2025-08-04,SUP-003,2025-08-04,2025-08,2025,369
SPD-003-2025-08-11,SUP-003,2025-08-11,2025-08,2025,456
SPD-003-2025-08-18,SUP-003,2025-08-18,2025-08,2025,456
SPD-003-2025-08-25,SUP-003,2025-08-25,2025-08,2025,468
SPD-003-2025-09-01,SUP-003,2025-09-01,2025-09,2025,533
SPD-003-2025-09-08,SUP-003,2025-09-08,2025-09,2025,437
SPD-003-2025-09-15,SUP-003,2025-09-15,2025-09,2025,514
SPD-003-2025-09-22,SUP-003,2025-09-22,2025-09,2025,528
SPD-003-2025-09-29,SUP-003,2025-09-29,2025-09,2025,547
SPD-003-2025-10-06,SUP-003,2025-10-06,2025-10,2025,544
SPD-003-2025-10-13,SUP-003,2025-10-13,2025-10,2025,550
SPD-003-2025-10-20,SUP-003,2025-10-20,2025-10,2025,551
SPD-003-2025-10-27,SUP-003,2025-10-27,2025-10,2025,526
SPD-003-2025-11-03,SUP-003,2025-11-03,2025-11,2025,625
SPD-003-2025-11-10,SUP-003,2025-11-10,2025-11,2025,601
SPD-003-2025-11-17,SUP-003,2025-11-17,2025-11,2025,654
SPD-003-2025-11-24,SUP-003,2025-11-24,2025-11,2025,695
SPD-003-2025-12-01,SUP-003,2025-12-01,2025-12,2025,407
SPD-003-2025-12-08,SUP-003,2025-12-08,2025-12,2025,495
SPD-003-2025-12-15,SUP-003,2025-12-15,2025-12,2025,441
SPD-003-2025-12-22,SUP-003,2025-12-22,2025-12,2025,484
SPD-003-2025-12-29,SUP-003,2025-12-29,2025-12,2025,416
SPD-003-2026-01-05,SUP-003,2026-01-05,2026-01,2026,509
SPD-003-2026-01-12,SUP-003,2026-01-12,2026-01,2026,469
SPD-003-2026-01-19,SUP-003,2026-01-19,2026-01,2026,487
SPD-003-2026-01-26,SUP-003,2026-01-26,2026-01,2026,487
SPD-003-2026-02-02,SUP-003,2026-02-02,2026-02,2026,539
SPD-003-2026-02-09,SUP-003,2026-02-09,2026-02,2026,618
SPD-003-2026-02-16,SUP-003,2026-02-16,2026-02,2026,585
SPD-003-2026-02-23,SUP-003,2026-02-23,2026-02,2026,573
SPD-003-2026-03-02,SUP-003,2026-03-02,2026-03,2026,695
SPD-003-2026-03-09,SUP-003,2026-03-09,2026-03,2026,635
SPD-003-2026-03-16,SUP-003,2026-03-16,2026-03,2026,672
SPD-003-2026-03-23,SUP-003,2026-03-23,2026-03,2026,659
SPD-003-2026-03-30,SUP-003,2026-03-30,2026-03,2026,630
SPD-003-2026-04-06,SUP-003,2026-04-06,2026-04,2026,421
SPD-003-2026-04-13,SUP-003,2026-04-13,2026-04,2026,459
SPD-003-2026-04-20,SUP-003,2026-04-20,2026-04,2026,496
SPD-003-2026-04-27,SUP-003,2026-04-27,2026-04,2026,470
SPD-003-2026-05-04,SUP-003,2026-05-04,2026-05,2026,491
SPD-003-2026-05-11,SUP-003,2026-05-11,2026-05,2026,573
SPD-003-2026-05-18,SUP-003,2026-05-18,2026-05,2026,512
SPD-003-2026-05-25,SUP-003,2026-05-25,2026-05,2026,486
SPD-003-2026-06-01,SUP-003,2026-06-01,2026-06,2026,607
SPD-003-2026-06-08,SUP-003,2026-06-08,2026-06,2026,609
SPD-003-2026-06-15,SUP-003,2026-06-15,2026-06,2026,622
SPD-004-2024-01-01,SUP-004,2024-01-01,2024-01,2024,380
SPD-004-2024-01-08,SUP-004,2024-01-08,2024-01,2024,431
SPD-004-2024-01-15,SUP-004,2024-01-15,2024-01,2024,400
SPD-004-2024-01-22,SUP-004,2024-01-22,2024-01,2024,412
SPD-004-2024-01-29,SUP-004,2024-01-29,2024-01,2024,433
SPD-004-2024-02-05,SUP-004,2024-02-05,2024-02,2024,507
SPD-004-2024-02-12,SUP-004,2024-02-12,2024-02,2024,413
SPD-004-2024-02-19,SUP-004,2024-02-19,2024-02,2024,479
SPD-004-2024-02-26,SUP-004,2024-02-26,2024-02,2024,467
SPD-004-2024-03-04,SUP-004,2024-03-04,2024-03,2024,472
SPD-004-2024-03-11,SUP-004,2024-03-11,2024-03,2024,476
SPD-004-2024-03-18,SUP-004,2024-03-18,2024-03,2024,531
SPD-004-2024-03-25,SUP-004,2024-03-25,2024-03,2024,526
SPD-004-2024-04-01,SUP-004,2024-04-01,2024-04,2024,408
SPD-004-2024-04-08,SUP-004,2024-04-08,2024-04,2024,330
SPD-004-2024-04-15,SUP-004,2024-04-15,2024-04,2024,354
SPD-004-2024-04-22,SUP-004,2024-04-22,2024-04,2024,394
SPD-004-2024-04-29,SUP-004,2024-04-29,2024-04,2024,404
SPD-004-2024-05-06,SUP-004,2024-05-06,2024-05,2024,464
SPD-004-2024-05-13,SUP-004,2024-05-13,2024-05,2024,389
SPD-004-2024-05-20,SUP-004,2024-05-20,2024-05,2024,473
SPD-004-2024-05-27,SUP-004,2024-05-27,2024-05,2024,407
SPD-004-2024-06-03,SUP-004,2024-06-03,2024-06,2024,423
SPD-004-2024-06-10,SUP-004,2024-06-10,2024-06,2024,494
SPD-004-2024-06-17,SUP-004,2024-06-17,2024-06,2024,447
SPD-004-2024-06-24,SUP-004,2024-06-24,2024-06,2024,439
SPD-004-2024-07-01,SUP-004,2024-07-01,2024-07,2024,594
SPD-004-2024-07-08,SUP-004,2024-07-08,2024-07,2024,571
SPD-004-2024-07-15,SUP-004,2024-07-15,2024-07,2024,501
SPD-004-2024-07-22,SUP-004,2024-07-22,2024-07,2024,582
SPD-004-2024-07-29,SUP-004,2024-07-29,2024-07,2024,514
SPD-004-2024-08-05,SUP-004,2024-08-05,2024-08,2024,361
SPD-004-2024-08-12,SUP-004,2024-08-12,2024-08,2024,378
SPD-004-2024-08-19,SUP-004,2024-08-19,2024-08,2024,350
SPD-004-2024-08-26,SUP-004,2024-08-26,2024-08,2024,379
SPD-004-2024-09-02,SUP-004,2024-09-02,2024-09,2024,468
SPD-004-2024-09-09,SUP-004,2024-09-09,2024-09,2024,428
SPD-004-2024-09-16,SUP-004,2024-09-16,2024-09,2024,470
SPD-004-2024-09-23,SUP-004,2024-09-23,2024-09,2024,439
SPD-004-2024-09-30,SUP-004,2024-09-30,2024-09,2024,478
SPD-004-2024-10-07,SUP-004,2024-10-07,2024-10,2024,454
SPD-004-2024-10-14,SUP-004,2024-10-14,2024-10,2024,475
SPD-004-2024-10-21,SUP-004,2024-10-21,2024-10,2024,561
SPD-004-2024-10-28,SUP-004,2024-10-28,2024-10,2024,473
SPD-004-2024-11-04,SUP-004,2024-11-04,2024-11,2024,568
SPD-004-2024-11-11,SUP-004,2024-11-11,2024-11,2024,539
SPD-004-2024-11-18,SUP-004,2024-11-18,2024-11,2024,572
SPD-004-2024-11-25,SUP-004,2024-11-25,2024-11,2024,534
SPD-004-2024-12-02,SUP-004,2024-12-02,2024-12,2024,371
SPD-004-2024-12-09,SUP-004,2024-12-09,2024-12,2024,325
SPD-004-2024-12-16,SUP-004,2024-12-16,2024-12,2024,407
SPD-004-2024-12-23,SUP-004,2024-12-23,2024-12,2024,342
SPD-004-2024-12-30,SUP-004,2024-12-30,2024-12,2024,370
SPD-004-2025-01-06,SUP-004,2025-01-06,2025-01,2025,455
SPD-004-2025-01-13,SUP-004,2025-01-13,2025-01,2025,402
SPD-004-2025-01-20,SUP-004,2025-01-20,2025-01,2025,449
SPD-004-2025-01-27,SUP-004,2025-01-27,2025-01,2025,406
SPD-004-2025-02-03,SUP-004,2025-02-03,2025-02,2025,573
SPD-004-2025-02-10,SUP-004,2025-02-10,2025-02,2025,527
SPD-004-2025-02-17,SUP-004,2025-02-17,2025-02,2025,511
SPD-004-2025-02-24,SUP-004,2025-02-24,2025-02,2025,495
SPD-004-2025-03-03,SUP-004,2025-03-03,2025-03,2025,551
SPD-004-2025-03-10,SUP-004,2025-03-10,2025-03,2025,541
SPD-004-2025-03-17,SUP-004,2025-03-17,2025-03,2025,652
SPD-004-2025-03-24,SUP-004,2025-03-24,2025-03,2025,572
SPD-004-2025-03-31,SUP-004,2025-03-31,2025-03,2025,545
SPD-004-2025-04-07,SUP-004,2025-04-07,2025-04,2025,377
SPD-004-2025-04-14,SUP-004,2025-04-14,2025-04,2025,385
SPD-004-2025-04-21,SUP-004,2025-04-21,2025-04,2025,459
SPD-004-2025-04-28,SUP-004,2025-04-28,2025-04,2025,441
SPD-004-2025-05-05,SUP-004,2025-05-05,2025-05,2025,470
SPD-004-2025-05-12,SUP-004,2025-05-12,2025-05,2025,454
SPD-004-2025-05-19,SUP-004,2025-05-19,2025-05,2025,433
SPD-004-2025-05-26,SUP-004,2025-05-26,2025-05,2025,434
SPD-004-2025-06-02,SUP-004,2025-06-02,2025-06,2025,578
SPD-004-2025-06-09,SUP-004,2025-06-09,2025-06,2025,518
SPD-004-2025-06-16,SUP-004,2025-06-16,2025-06,2025,524
SPD-004-2025-06-23,SUP-004,2025-06-23,2025-06,2025,536
SPD-004-2025-06-30,SUP-004,2025-06-30,2025-06,2025,598
SPD-004-2025-07-07,SUP-004,2025-07-07,2025-07,2025,598
SPD-004-2025-07-14,SUP-004,2025-07-14,2025-07,2025,675
SPD-004-2025-07-21,SUP-004,2025-07-21,2025-07,2025,633
SPD-004-2025-07-28,SUP-004,2025-07-28,2025-07,2025,626
SPD-004-2025-08-04,SUP-004,2025-08-04,2025-08,2025,438
SPD-004-2025-08-11,SUP-004,2025-08-11,2025-08,2025,377
SPD-004-2025-08-18,SUP-004,2025-08-18,2025-08,2025,415
SPD-004-2025-08-25,SUP-004,2025-08-25,2025-08,2025,374
SPD-004-2025-09-01,SUP-004,2025-09-01,2025-09,2025,535
SPD-004-2025-09-08,SUP-004,2025-09-08,2025-09,2025,528
SPD-004-2025-09-15,SUP-004,2025-09-15,2025-09,2025,546
SPD-004-2025-09-22,SUP-004,2025-09-22,2025-09,2025,517
SPD-004-2025-09-29,SUP-004,2025-09-29,2025-09,2025,515
SPD-004-2025-10-06,SUP-004,2025-10-06,2025-10,2025,605
SPD-004-2025-10-13,SUP-004,2025-10-13,2025-10,2025,621
SPD-004-2025-10-20,SUP-004,2025-10-20,2025-10,2025,610
SPD-004-2025-10-27,SUP-004,2025-10-27,2025-10,2025,542
SPD-004-2025-11-03,SUP-004,2025-11-03,2025-11,2025,612
SPD-004-2025-11-10,SUP-004,2025-11-10,2025-11,2025,610
SPD-004-2025-11-17,SUP-004,2025-11-17,2025-11,2025,612
SPD-004-2025-11-24,SUP-004,2025-11-24,2025-11,2025,655
SPD-004-2025-12-01,SUP-004,2025-12-01,2025-12,2025,486
SPD-004-2025-12-08,SUP-004,2025-12-08,2025-12,2025,423
SPD-004-2025-12-15,SUP-004,2025-12-15,2025-12,2025,484
SPD-004-2025-12-22,SUP-004,2025-12-22,2025-12,2025,471
SPD-004-2025-12-29,SUP-004,2025-12-29,2025-12,2025,434
SPD-004-2026-01-05,SUP-004,2026-01-05,2026-01,2026,499
SPD-004-2026-01-12,SUP-004,2026-01-12,2026-01,2026,487
SPD-004-2026-01-19,SUP-004,2026-01-19,2026-01,2026,574
SPD-004-2026-01-26,SUP-004,2026-01-26,2026-01,2026,465
SPD-004-2026-02-02,SUP-004,2026-02-02,2026-02,2026,567
SPD-004-2026-02-09,SUP-004,2026-02-09,2026-02,2026,581
SPD-004-2026-02-16,SUP-004,2026-02-16,2026-02,2026,647
SPD-004-2026-02-23,SUP-004,2026-02-23,2026-02,2026,614
SPD-004-2026-03-02,SUP-004,2026-03-02,2026-03,2026,633
SPD-004-2026-03-09,SUP-004,2026-03-09,2026-03,2026,720
SPD-004-2026-03-16,SUP-004,2026-03-16,2026-03,2026,650
SPD-004-2026-03-23,SUP-004,2026-03-23,2026-03,2026,612
SPD-004-2026-03-30,SUP-004,2026-03-30,2026-03,2026,617
SPD-004-2026-04-06,SUP-004,2026-04-06,2026-04,2026,504
SPD-004-2026-04-13,SUP-004,2026-04-13,2026-04,2026,466
SPD-004-2026-04-20,SUP-004,2026-04-20,2026-04,2026,468
SPD-004-2026-04-27,SUP-004,2026-04-27,2026-04,2026,402
SPD-004-2026-05-04,SUP-004,2026-05-04,2026-05,2026,516
SPD-004-2026-05-11,SUP-004,2026-05-11,2026-05,2026,558
SPD-004-2026-05-18,SUP-004,2026-05-18,2026-05,2026,556
SPD-004-2026-05-25,SUP-004,2026-05-25,2026-05,2026,536
SPD-004-2026-06-01,SUP-004,2026-06-01,2026-06,2026,602
SPD-004-2026-06-08,SUP-004,2026-06-08,2026-06,2026,606
SPD-004-2026-06-15,SUP-004,2026-06-15,2026-06,2026,631
SPD-005-2024-01-01,SUP-005,2024-01-01,2024-01,2024,267
SPD-005-2024-01-08,SUP-005,2024-01-08,2024-01,2024,218
SPD-005-2024-01-15,SUP-005,2024-01-15,2024-01,2024,237
SPD-005-2024-01-22,SUP-005,2024-01-22,2024-01,2024,295
SPD-005-2024-01-29,SUP-005,2024-01-29,2024-01,2024,280
SPD-005-2024-02-05,SUP-005,2024-02-05,2024-02,2024,336
SPD-005-2024-02-12,SUP-005,2024-02-12,2024-02,2024,237
SPD-005-2024-02-19,SUP-005,2024-02-19,2024-02,2024,313
SPD-005-2024-02-26,SUP-005,2024-02-26,2024-02,2024,271
SPD-005-2024-03-04,SUP-005,2024-03-04,2024-03,2024,280
SPD-005-2024-03-11,SUP-005,2024-03-11,2024-03,2024,278
SPD-005-2024-03-18,SUP-005,2024-03-18,2024-03,2024,280
SPD-005-2024-03-25,SUP-005,2024-03-25,2024-03,2024,364
SPD-005-2024-04-01,SUP-005,2024-04-01,2024-04,2024,200
SPD-005-2024-04-08,SUP-005,2024-04-08,2024-04,2024,249
SPD-005-2024-04-15,SUP-005,2024-04-15,2024-04,2024,267
SPD-005-2024-04-22,SUP-005,2024-04-22,2024-04,2024,246
SPD-005-2024-04-29,SUP-005,2024-04-29,2024-04,2024,276
SPD-005-2024-05-06,SUP-005,2024-05-06,2024-05,2024,216
SPD-005-2024-05-13,SUP-005,2024-05-13,2024-05,2024,221
SPD-005-2024-05-20,SUP-005,2024-05-20,2024-05,2024,290
SPD-005-2024-05-27,SUP-005,2024-05-27,2024-05,2024,275
SPD-005-2024-06-03,SUP-005,2024-06-03,2024-06,2024,336
SPD-005-2024-06-10,SUP-005,2024-06-10,2024-06,2024,278
SPD-005-2024-06-17,SUP-005,2024-06-17,2024-06,2024,240
SPD-005-2024-06-24,SUP-005,2024-06-24,2024-06,2024,290
SPD-005-2024-07-01,SUP-005,2024-07-01,2024-07,2024,352
SPD-005-2024-07-08,SUP-005,2024-07-08,2024-07,2024,294
SPD-005-2024-07-15,SUP-005,2024-07-15,2024-07,2024,314
SPD-005-2024-07-22,SUP-005,2024-07-22,2024-07,2024,362
SPD-005-2024-07-29,SUP-005,2024-07-29,2024-07,2024,335
SPD-005-2024-08-05,SUP-005,2024-08-05,2024-08,2024,265
SPD-005-2024-08-12,SUP-005,2024-08-12,2024-08,2024,181
SPD-005-2024-08-19,SUP-005,2024-08-19,2024-08,2024,286
SPD-005-2024-08-26,SUP-005,2024-08-26,2024-08,2024,240
SPD-005-2024-09-02,SUP-005,2024-09-02,2024-09,2024,264
SPD-005-2024-09-09,SUP-005,2024-09-09,2024-09,2024,298
SPD-005-2024-09-16,SUP-005,2024-09-16,2024-09,2024,261
SPD-005-2024-09-23,SUP-005,2024-09-23,2024-09,2024,309
SPD-005-2024-09-30,SUP-005,2024-09-30,2024-09,2024,288
SPD-005-2024-10-07,SUP-005,2024-10-07,2024-10,2024,254
SPD-005-2024-10-14,SUP-005,2024-10-14,2024-10,2024,260
SPD-005-2024-10-21,SUP-005,2024-10-21,2024-10,2024,275
SPD-005-2024-10-28,SUP-005,2024-10-28,2024-10,2024,358
SPD-005-2024-11-04,SUP-005,2024-11-04,2024-11,2024,339
SPD-005-2024-11-11,SUP-005,2024-11-11,2024-11,2024,383
SPD-005-2024-11-18,SUP-005,2024-11-18,2024-11,2024,335
SPD-005-2024-11-25,SUP-005,2024-11-25,2024-11,2024,315
SPD-005-2024-12-02,SUP-005,2024-12-02,2024-12,2024,262
SPD-005-2024-12-09,SUP-005,2024-12-09,2024-12,2024,226
SPD-005-2024-12-16,SUP-005,2024-12-16,2024-12,2024,224
SPD-005-2024-12-23,SUP-005,2024-12-23,2024-12,2024,238
SPD-005-2024-12-30,SUP-005,2024-12-30,2024-12,2024,219
SPD-005-2025-01-06,SUP-005,2025-01-06,2025-01,2025,325
SPD-005-2025-01-13,SUP-005,2025-01-13,2025-01,2025,327
SPD-005-2025-01-20,SUP-005,2025-01-20,2025-01,2025,305
SPD-005-2025-01-27,SUP-005,2025-01-27,2025-01,2025,319
SPD-005-2025-02-03,SUP-005,2025-02-03,2025-02,2025,287
SPD-005-2025-02-10,SUP-005,2025-02-10,2025-02,2025,299
SPD-005-2025-02-17,SUP-005,2025-02-17,2025-02,2025,307
SPD-005-2025-02-24,SUP-005,2025-02-24,2025-02,2025,378
SPD-005-2025-03-03,SUP-005,2025-03-03,2025-03,2025,326
SPD-005-2025-03-10,SUP-005,2025-03-10,2025-03,2025,409
SPD-005-2025-03-17,SUP-005,2025-03-17,2025-03,2025,322
SPD-005-2025-03-24,SUP-005,2025-03-24,2025-03,2025,364
SPD-005-2025-03-31,SUP-005,2025-03-31,2025-03,2025,303
SPD-005-2025-04-07,SUP-005,2025-04-07,2025-04,2025,245
SPD-005-2025-04-14,SUP-005,2025-04-14,2025-04,2025,198
SPD-005-2025-04-21,SUP-005,2025-04-21,2025-04,2025,238
SPD-005-2025-04-28,SUP-005,2025-04-28,2025-04,2025,298
SPD-005-2025-05-05,SUP-005,2025-05-05,2025-05,2025,310
SPD-005-2025-05-12,SUP-005,2025-05-12,2025-05,2025,289
SPD-005-2025-05-19,SUP-005,2025-05-19,2025-05,2025,241
SPD-005-2025-05-26,SUP-005,2025-05-26,2025-05,2025,252
SPD-005-2025-06-02,SUP-005,2025-06-02,2025-06,2025,333
SPD-005-2025-06-09,SUP-005,2025-06-09,2025-06,2025,274
SPD-005-2025-06-16,SUP-005,2025-06-16,2025-06,2025,305
SPD-005-2025-06-23,SUP-005,2025-06-23,2025-06,2025,333
SPD-005-2025-06-30,SUP-005,2025-06-30,2025-06,2025,289
SPD-005-2025-07-07,SUP-005,2025-07-07,2025-07,2025,340
SPD-005-2025-07-14,SUP-005,2025-07-14,2025-07,2025,336
SPD-005-2025-07-21,SUP-005,2025-07-21,2025-07,2025,348
SPD-005-2025-07-28,SUP-005,2025-07-28,2025-07,2025,335
SPD-005-2025-08-04,SUP-005,2025-08-04,2025-08,2025,199
SPD-005-2025-08-11,SUP-005,2025-08-11,2025-08,2025,305
SPD-005-2025-08-18,SUP-005,2025-08-18,2025-08,2025,211
SPD-005-2025-08-25,SUP-005,2025-08-25,2025-08,2025,234
SPD-005-2025-09-01,SUP-005,2025-09-01,2025-09,2025,295
SPD-005-2025-09-08,SUP-005,2025-09-08,2025-09,2025,246
SPD-005-2025-09-15,SUP-005,2025-09-15,2025-09,2025,251
SPD-005-2025-09-22,SUP-005,2025-09-22,2025-09,2025,356
SPD-005-2025-09-29,SUP-005,2025-09-29,2025-09,2025,279
SPD-005-2025-10-06,SUP-005,2025-10-06,2025-10,2025,392
SPD-005-2025-10-13,SUP-005,2025-10-13,2025-10,2025,363
SPD-005-2025-10-20,SUP-005,2025-10-20,2025-10,2025,368
SPD-005-2025-10-27,SUP-005,2025-10-27,2025-10,2025,320
SPD-005-2025-11-03,SUP-005,2025-11-03,2025-11,2025,398
SPD-005-2025-11-10,SUP-005,2025-11-10,2025-11,2025,370
SPD-005-2025-11-17,SUP-005,2025-11-17,2025-11,2025,413
SPD-005-2025-11-24,SUP-005,2025-11-24,2025-11,2025,380
SPD-005-2025-12-01,SUP-005,2025-12-01,2025-12,2025,271
SPD-005-2025-12-08,SUP-005,2025-12-08,2025-12,2025,239
SPD-005-2025-12-15,SUP-005,2025-12-15,2025-12,2025,310
SPD-005-2025-12-22,SUP-005,2025-12-22,2025-12,2025,279
SPD-005-2025-12-29,SUP-005,2025-12-29,2025-12,2025,212
SPD-005-2026-01-05,SUP-005,2026-01-05,2026-01,2026,350
SPD-005-2026-01-12,SUP-005,2026-01-12,2026-01,2026,334
SPD-005-2026-01-19,SUP-005,2026-01-19,2026-01,2026,256
SPD-005-2026-01-26,SUP-005,2026-01-26,2026-01,2026,343
SPD-005-2026-02-02,SUP-005,2026-02-02,2026-02,2026,366
SPD-005-2026-02-09,SUP-005,2026-02-09,2026-02,2026,334
SPD-005-2026-02-16,SUP-005,2026-02-16,2026-02,2026,367
SPD-005-2026-02-23,SUP-005,2026-02-23,2026-02,2026,378
SPD-005-2026-03-02,SUP-005,2026-03-02,2026-03,2026,462
SPD-005-2026-03-09,SUP-005,2026-03-09,2026-03,2026,355
SPD-005-2026-03-16,SUP-005,2026-03-16,2026-03,2026,437
SPD-005-2026-03-23,SUP-005,2026-03-23,2026-03,2026,354
SPD-005-2026-03-30,SUP-005,2026-03-30,2026-03,2026,383
SPD-005-2026-04-06,SUP-005,2026-04-06,2026-04,2026,253
SPD-005-2026-04-13,SUP-005,2026-04-13,2026-04,2026,295
SPD-005-2026-04-20,SUP-005,2026-04-20,2026-04,2026,261
SPD-005-2026-04-27,SUP-005,2026-04-27,2026-04,2026,333
SPD-005-2026-05-04,SUP-005,2026-05-04,2026-05,2026,324
SPD-005-2026-05-11,SUP-005,2026-05-11,2026-05,2026,291
SPD-005-2026-05-18,SUP-005,2026-05-18,2026-05,2026,363
SPD-005-2026-05-25,SUP-005,2026-05-25,2026-05,2026,329
SPD-005-2026-06-01,SUP-005,2026-06-01,2026-06,2026,324
SPD-005-2026-06-08,SUP-005,2026-06-08,2026-06,2026,317
SPD-005-2026-06-15,SUP-005,2026-06-15,2026-06,2026,360
SPD-006-2024-01-01,SUP-006,2024-01-01,2024-01,2024,267
SPD-006-2024-01-08,SUP-006,2024-01-08,2024-01,2024,264
SPD-006-2024-01-15,SUP-006,2024-01-15,2024-01,2024,250
SPD-006-2024-01-22,SUP-006,2024-01-22,2024-01,2024,310
SPD-006-2024-01-29,SUP-006,2024-01-29,2024-01,2024,306
SPD-006-2024-02-05,SUP-006,2024-02-05,2024-02,2024,310
SPD-006-2024-02-12,SUP-006,2024-02-12,2024-02,2024,294
SPD-006-2024-02-19,SUP-006,2024-02-19,2024-02,2024,277
SPD-006-2024-02-26,SUP-006,2024-02-26,2024-02,2024,251
SPD-006-2024-03-04,SUP-006,2024-03-04,2024-03,2024,364
SPD-006-2024-03-11,SUP-006,2024-03-11,2024-03,2024,392
SPD-006-2024-03-18,SUP-006,2024-03-18,2024-03,2024,391
SPD-006-2024-03-25,SUP-006,2024-03-25,2024-03,2024,305
SPD-006-2024-04-01,SUP-006,2024-04-01,2024-04,2024,222
SPD-006-2024-04-08,SUP-006,2024-04-08,2024-04,2024,245
SPD-006-2024-04-15,SUP-006,2024-04-15,2024-04,2024,279
SPD-006-2024-04-22,SUP-006,2024-04-22,2024-04,2024,199
SPD-006-2024-04-29,SUP-006,2024-04-29,2024-04,2024,289
SPD-006-2024-05-06,SUP-006,2024-05-06,2024-05,2024,268
SPD-006-2024-05-13,SUP-006,2024-05-13,2024-05,2024,235
SPD-006-2024-05-20,SUP-006,2024-05-20,2024-05,2024,300
SPD-006-2024-05-27,SUP-006,2024-05-27,2024-05,2024,293
SPD-006-2024-06-03,SUP-006,2024-06-03,2024-06,2024,272
SPD-006-2024-06-10,SUP-006,2024-06-10,2024-06,2024,268
SPD-006-2024-06-17,SUP-006,2024-06-17,2024-06,2024,355
SPD-006-2024-06-24,SUP-006,2024-06-24,2024-06,2024,315
SPD-006-2024-07-01,SUP-006,2024-07-01,2024-07,2024,425
SPD-006-2024-07-08,SUP-006,2024-07-08,2024-07,2024,320
SPD-006-2024-07-15,SUP-006,2024-07-15,2024-07,2024,393
SPD-006-2024-07-22,SUP-006,2024-07-22,2024-07,2024,403
SPD-006-2024-07-29,SUP-006,2024-07-29,2024-07,2024,368
SPD-006-2024-08-05,SUP-006,2024-08-05,2024-08,2024,208
SPD-006-2024-08-12,SUP-006,2024-08-12,2024-08,2024,274
SPD-006-2024-08-19,SUP-006,2024-08-19,2024-08,2024,216
SPD-006-2024-08-26,SUP-006,2024-08-26,2024-08,2024,262
SPD-006-2024-09-02,SUP-006,2024-09-02,2024-09,2024,336
SPD-006-2024-09-09,SUP-006,2024-09-09,2024-09,2024,290
SPD-006-2024-09-16,SUP-006,2024-09-16,2024-09,2024,241
SPD-006-2024-09-23,SUP-006,2024-09-23,2024-09,2024,321
SPD-006-2024-09-30,SUP-006,2024-09-30,2024-09,2024,349
SPD-006-2024-10-07,SUP-006,2024-10-07,2024-10,2024,385
SPD-006-2024-10-14,SUP-006,2024-10-14,2024-10,2024,313
SPD-006-2024-10-21,SUP-006,2024-10-21,2024-10,2024,282
SPD-006-2024-10-28,SUP-006,2024-10-28,2024-10,2024,356
SPD-006-2024-11-04,SUP-006,2024-11-04,2024-11,2024,336
SPD-006-2024-11-11,SUP-006,2024-11-11,2024-11,2024,422
SPD-006-2024-11-18,SUP-006,2024-11-18,2024-11,2024,337
SPD-006-2024-11-25,SUP-006,2024-11-25,2024-11,2024,343
SPD-006-2024-12-02,SUP-006,2024-12-02,2024-12,2024,261
SPD-006-2024-12-09,SUP-006,2024-12-09,2024-12,2024,230
SPD-006-2024-12-16,SUP-006,2024-12-16,2024-12,2024,241
SPD-006-2024-12-23,SUP-006,2024-12-23,2024-12,2024,304
SPD-006-2024-12-30,SUP-006,2024-12-30,2024-12,2024,286
SPD-006-2025-01-06,SUP-006,2025-01-06,2025-01,2025,285
SPD-006-2025-01-13,SUP-006,2025-01-13,2025-01,2025,286
SPD-006-2025-01-20,SUP-006,2025-01-20,2025-01,2025,326
SPD-006-2025-01-27,SUP-006,2025-01-27,2025-01,2025,291
SPD-006-2025-02-03,SUP-006,2025-02-03,2025-02,2025,363
SPD-006-2025-02-10,SUP-006,2025-02-10,2025-02,2025,296
SPD-006-2025-02-17,SUP-006,2025-02-17,2025-02,2025,350
SPD-006-2025-02-24,SUP-006,2025-02-24,2025-02,2025,307
SPD-006-2025-03-03,SUP-006,2025-03-03,2025-03,2025,389
SPD-006-2025-03-10,SUP-006,2025-03-10,2025-03,2025,341
SPD-006-2025-03-17,SUP-006,2025-03-17,2025-03,2025,423
SPD-006-2025-03-24,SUP-006,2025-03-24,2025-03,2025,402
SPD-006-2025-03-31,SUP-006,2025-03-31,2025-03,2025,357
SPD-006-2025-04-07,SUP-006,2025-04-07,2025-04,2025,325
SPD-006-2025-04-14,SUP-006,2025-04-14,2025-04,2025,255
SPD-006-2025-04-21,SUP-006,2025-04-21,2025-04,2025,282
SPD-006-2025-04-28,SUP-006,2025-04-28,2025-04,2025,311
SPD-006-2025-05-05,SUP-006,2025-05-05,2025-05,2025,301
SPD-006-2025-05-12,SUP-006,2025-05-12,2025-05,2025,355
SPD-006-2025-05-19,SUP-006,2025-05-19,2025-05,2025,320
SPD-006-2025-05-26,SUP-006,2025-05-26,2025-05,2025,380
SPD-006-2025-06-02,SUP-006,2025-06-02,2025-06,2025,406
SPD-006-2025-06-09,SUP-006,2025-06-09,2025-06,2025,316
SPD-006-2025-06-16,SUP-006,2025-06-16,2025-06,2025,421
SPD-006-2025-06-23,SUP-006,2025-06-23,2025-06,2025,373
SPD-006-2025-06-30,SUP-006,2025-06-30,2025-06,2025,322
SPD-006-2025-07-07,SUP-006,2025-07-07,2025-07,2025,426
SPD-006-2025-07-14,SUP-006,2025-07-14,2025-07,2025,441
SPD-006-2025-07-21,SUP-006,2025-07-21,2025-07,2025,419
SPD-006-2025-07-28,SUP-006,2025-07-28,2025-07,2025,399
SPD-006-2025-08-04,SUP-006,2025-08-04,2025-08,2025,301
SPD-006-2025-08-11,SUP-006,2025-08-11,2025-08,2025,343
SPD-006-2025-08-18,SUP-006,2025-08-18,2025-08,2025,241
SPD-006-2025-08-25,SUP-006,2025-08-25,2025-08,2025,318
SPD-006-2025-09-01,SUP-006,2025-09-01,2025-09,2025,383
SPD-006-2025-09-08,SUP-006,2025-09-08,2025-09,2025,349
SPD-006-2025-09-15,SUP-006,2025-09-15,2025-09,2025,381
SPD-006-2025-09-22,SUP-006,2025-09-22,2025-09,2025,360
SPD-006-2025-09-29,SUP-006,2025-09-29,2025-09,2025,295
SPD-006-2025-10-06,SUP-006,2025-10-06,2025-10,2025,421
SPD-006-2025-10-13,SUP-006,2025-10-13,2025-10,2025,334
SPD-006-2025-10-20,SUP-006,2025-10-20,2025-10,2025,412
SPD-006-2025-10-27,SUP-006,2025-10-27,2025-10,2025,367
SPD-006-2025-11-03,SUP-006,2025-11-03,2025-11,2025,462
SPD-006-2025-11-10,SUP-006,2025-11-10,2025-11,2025,380
SPD-006-2025-11-17,SUP-006,2025-11-17,2025-11,2025,486
SPD-006-2025-11-24,SUP-006,2025-11-24,2025-11,2025,397
SPD-006-2025-12-01,SUP-006,2025-12-01,2025-12,2025,343
SPD-006-2025-12-08,SUP-006,2025-12-08,2025-12,2025,354
SPD-006-2025-12-15,SUP-006,2025-12-15,2025-12,2025,310
SPD-006-2025-12-22,SUP-006,2025-12-22,2025-12,2025,323
SPD-006-2025-12-29,SUP-006,2025-12-29,2025-12,2025,263
SPD-006-2026-01-05,SUP-006,2026-01-05,2026-01,2026,398
SPD-006-2026-01-12,SUP-006,2026-01-12,2026-01,2026,325
SPD-006-2026-01-19,SUP-006,2026-01-19,2026-01,2026,384
SPD-006-2026-01-26,SUP-006,2026-01-26,2026-01,2026,342
SPD-006-2026-02-02,SUP-006,2026-02-02,2026-02,2026,440
SPD-006-2026-02-09,SUP-006,2026-02-09,2026-02,2026,350
SPD-006-2026-02-16,SUP-006,2026-02-16,2026-02,2026,354
SPD-006-2026-02-23,SUP-006,2026-02-23,2026-02,2026,445
SPD-006-2026-03-02,SUP-006,2026-03-02,2026-03,2026,488
SPD-006-2026-03-09,SUP-006,2026-03-09,2026-03,2026,440
SPD-006-2026-03-16,SUP-006,2026-03-16,2026-03,2026,495
SPD-006-2026-03-23,SUP-006,2026-03-23,2026-03,2026,401
SPD-006-2026-03-30,SUP-006,2026-03-30,2026-03,2026,457
SPD-006-2026-04-06,SUP-006,2026-04-06,2026-04,2026,312
SPD-006-2026-04-13,SUP-006,2026-04-13,2026-04,2026,300
SPD-006-2026-04-20,SUP-006,2026-04-20,2026-04,2026,301
SPD-006-2026-04-27,SUP-006,2026-04-27,2026-04,2026,351
SPD-006-2026-05-04,SUP-006,2026-05-04,2026-05,2026,397
SPD-006-2026-05-11,SUP-006,2026-05-11,2026-05,2026,387
SPD-006-2026-05-18,SUP-006,2026-05-18,2026-05,2026,335
SPD-006-2026-05-25,SUP-006,2026-05-25,2026-05,2026,375
SPD-006-2026-06-01,SUP-006,2026-06-01,2026-06,2026,384
SPD-006-2026-06-08,SUP-006,2026-06-08,2026-06,2026,427
SPD-006-2026-06-15,SUP-006,2026-06-15,2026-06,2026,419
SPD-007-2024-01-01,SUP-007,2024-01-01,2024-01,2024,344
SPD-007-2024-01-08,SUP-007,2024-01-08,2024-01,2024,371
SPD-007-2024-01-15,SUP-007,2024-01-15,2024-01,2024,311
SPD-007-2024-01-22,SUP-007,2024-01-22,2024-01,2024,394
SPD-007-2024-01-29,SUP-007,2024-01-29,2024-01,2024,391
SPD-007-2024-02-05,SUP-007,2024-02-05,2024-02,2024,376
SPD-007-2024-02-12,SUP-007,2024-02-12,2024-02,2024,459
SPD-007-2024-02-19,SUP-007,2024-02-19,2024-02,2024,392
SPD-007-2024-02-26,SUP-007,2024-02-26,2024-02,2024,457
SPD-007-2024-03-04,SUP-007,2024-03-04,2024-03,2024,432
SPD-007-2024-03-11,SUP-007,2024-03-11,2024-03,2024,488
SPD-007-2024-03-18,SUP-007,2024-03-18,2024-03,2024,446
SPD-007-2024-03-25,SUP-007,2024-03-25,2024-03,2024,467
SPD-007-2024-04-01,SUP-007,2024-04-01,2024-04,2024,295
SPD-007-2024-04-08,SUP-007,2024-04-08,2024-04,2024,357
SPD-007-2024-04-15,SUP-007,2024-04-15,2024-04,2024,376
SPD-007-2024-04-22,SUP-007,2024-04-22,2024-04,2024,285
SPD-007-2024-04-29,SUP-007,2024-04-29,2024-04,2024,338
SPD-007-2024-05-06,SUP-007,2024-05-06,2024-05,2024,324
SPD-007-2024-05-13,SUP-007,2024-05-13,2024-05,2024,419
SPD-007-2024-05-20,SUP-007,2024-05-20,2024-05,2024,340
SPD-007-2024-05-27,SUP-007,2024-05-27,2024-05,2024,411
SPD-007-2024-06-03,SUP-007,2024-06-03,2024-06,2024,435
SPD-007-2024-06-10,SUP-007,2024-06-10,2024-06,2024,428
SPD-007-2024-06-17,SUP-007,2024-06-17,2024-06,2024,396
SPD-007-2024-06-24,SUP-007,2024-06-24,2024-06,2024,427
SPD-007-2024-07-01,SUP-007,2024-07-01,2024-07,2024,481
SPD-007-2024-07-08,SUP-007,2024-07-08,2024-07,2024,473
SPD-007-2024-07-15,SUP-007,2024-07-15,2024-07,2024,532
SPD-007-2024-07-22,SUP-007,2024-07-22,2024-07,2024,485
SPD-007-2024-07-29,SUP-007,2024-07-29,2024-07,2024,510
SPD-007-2024-08-05,SUP-007,2024-08-05,2024-08,2024,277
SPD-007-2024-08-12,SUP-007,2024-08-12,2024-08,2024,297
SPD-007-2024-08-19,SUP-007,2024-08-19,2024-08,2024,288
SPD-007-2024-08-26,SUP-007,2024-08-26,2024-08,2024,305
SPD-007-2024-09-02,SUP-007,2024-09-02,2024-09,2024,329
SPD-007-2024-09-09,SUP-007,2024-09-09,2024-09,2024,363
SPD-007-2024-09-16,SUP-007,2024-09-16,2024-09,2024,337
SPD-007-2024-09-23,SUP-007,2024-09-23,2024-09,2024,445
SPD-007-2024-09-30,SUP-007,2024-09-30,2024-09,2024,366
SPD-007-2024-10-07,SUP-007,2024-10-07,2024-10,2024,500
SPD-007-2024-10-14,SUP-007,2024-10-14,2024-10,2024,481
SPD-007-2024-10-21,SUP-007,2024-10-21,2024-10,2024,437
SPD-007-2024-10-28,SUP-007,2024-10-28,2024-10,2024,499
SPD-007-2024-11-04,SUP-007,2024-11-04,2024-11,2024,503
SPD-007-2024-11-11,SUP-007,2024-11-11,2024-11,2024,500
SPD-007-2024-11-18,SUP-007,2024-11-18,2024-11,2024,542
SPD-007-2024-11-25,SUP-007,2024-11-25,2024-11,2024,458
SPD-007-2024-12-02,SUP-007,2024-12-02,2024-12,2024,354
SPD-007-2024-12-09,SUP-007,2024-12-09,2024-12,2024,358
SPD-007-2024-12-16,SUP-007,2024-12-16,2024-12,2024,354
SPD-007-2024-12-23,SUP-007,2024-12-23,2024-12,2024,387
SPD-007-2024-12-30,SUP-007,2024-12-30,2024-12,2024,291
SPD-007-2025-01-06,SUP-007,2025-01-06,2025-01,2025,351
SPD-007-2025-01-13,SUP-007,2025-01-13,2025-01,2025,429
SPD-007-2025-01-20,SUP-007,2025-01-20,2025-01,2025,419
SPD-007-2025-01-27,SUP-007,2025-01-27,2025-01,2025,447
SPD-007-2025-02-03,SUP-007,2025-02-03,2025-02,2025,450
SPD-007-2025-02-10,SUP-007,2025-02-10,2025-02,2025,499
SPD-007-2025-02-17,SUP-007,2025-02-17,2025-02,2025,487
SPD-007-2025-02-24,SUP-007,2025-02-24,2025-02,2025,454
SPD-007-2025-03-03,SUP-007,2025-03-03,2025-03,2025,575
SPD-007-2025-03-10,SUP-007,2025-03-10,2025-03,2025,573
SPD-007-2025-03-17,SUP-007,2025-03-17,2025-03,2025,560
SPD-007-2025-03-24,SUP-007,2025-03-24,2025-03,2025,589
SPD-007-2025-03-31,SUP-007,2025-03-31,2025-03,2025,499
SPD-007-2025-04-07,SUP-007,2025-04-07,2025-04,2025,402
SPD-007-2025-04-14,SUP-007,2025-04-14,2025-04,2025,348
SPD-007-2025-04-21,SUP-007,2025-04-21,2025-04,2025,378
SPD-007-2025-04-28,SUP-007,2025-04-28,2025-04,2025,382
SPD-007-2025-05-05,SUP-007,2025-05-05,2025-05,2025,449
SPD-007-2025-05-12,SUP-007,2025-05-12,2025-05,2025,406
SPD-007-2025-05-19,SUP-007,2025-05-19,2025-05,2025,443
SPD-007-2025-05-26,SUP-007,2025-05-26,2025-05,2025,398
SPD-007-2025-06-02,SUP-007,2025-06-02,2025-06,2025,534
SPD-007-2025-06-09,SUP-007,2025-06-09,2025-06,2025,464
SPD-007-2025-06-16,SUP-007,2025-06-16,2025-06,2025,505
SPD-007-2025-06-23,SUP-007,2025-06-23,2025-06,2025,489
SPD-007-2025-06-30,SUP-007,2025-06-30,2025-06,2025,552
SPD-007-2025-07-07,SUP-007,2025-07-07,2025-07,2025,553
SPD-007-2025-07-14,SUP-007,2025-07-14,2025-07,2025,511
SPD-007-2025-07-21,SUP-007,2025-07-21,2025-07,2025,514
SPD-007-2025-07-28,SUP-007,2025-07-28,2025-07,2025,503
SPD-007-2025-08-04,SUP-007,2025-08-04,2025-08,2025,431
SPD-007-2025-08-11,SUP-007,2025-08-11,2025-08,2025,335
SPD-007-2025-08-18,SUP-007,2025-08-18,2025-08,2025,377
SPD-007-2025-08-25,SUP-007,2025-08-25,2025-08,2025,384
SPD-007-2025-09-01,SUP-007,2025-09-01,2025-09,2025,402
SPD-007-2025-09-08,SUP-007,2025-09-08,2025-09,2025,475
SPD-007-2025-09-15,SUP-007,2025-09-15,2025-09,2025,441
SPD-007-2025-09-22,SUP-007,2025-09-22,2025-09,2025,503
SPD-007-2025-09-29,SUP-007,2025-09-29,2025-09,2025,462
SPD-007-2025-10-06,SUP-007,2025-10-06,2025-10,2025,450
SPD-007-2025-10-13,SUP-007,2025-10-13,2025-10,2025,565
SPD-007-2025-10-20,SUP-007,2025-10-20,2025-10,2025,453
SPD-007-2025-10-27,SUP-007,2025-10-27,2025-10,2025,476
SPD-007-2025-11-03,SUP-007,2025-11-03,2025-11,2025,566
SPD-007-2025-11-10,SUP-007,2025-11-10,2025-11,2025,568
SPD-007-2025-11-17,SUP-007,2025-11-17,2025-11,2025,605
SPD-007-2025-11-24,SUP-007,2025-11-24,2025-11,2025,611
SPD-007-2025-12-01,SUP-007,2025-12-01,2025-12,2025,383
SPD-007-2025-12-08,SUP-007,2025-12-08,2025-12,2025,345
SPD-007-2025-12-15,SUP-007,2025-12-15,2025-12,2025,369
SPD-007-2025-12-22,SUP-007,2025-12-22,2025-12,2025,359
SPD-007-2025-12-29,SUP-007,2025-12-29,2025-12,2025,361
SPD-007-2026-01-05,SUP-007,2026-01-05,2026-01,2026,419
SPD-007-2026-01-12,SUP-007,2026-01-12,2026-01,2026,493
SPD-007-2026-01-19,SUP-007,2026-01-19,2026-01,2026,405
SPD-007-2026-01-26,SUP-007,2026-01-26,2026-01,2026,481
SPD-007-2026-02-02,SUP-007,2026-02-02,2026-02,2026,590
SPD-007-2026-02-09,SUP-007,2026-02-09,2026-02,2026,531
SPD-007-2026-02-16,SUP-007,2026-02-16,2026-02,2026,514
SPD-007-2026-02-23,SUP-007,2026-02-23,2026-02,2026,493
SPD-007-2026-03-02,SUP-007,2026-03-02,2026-03,2026,601
SPD-007-2026-03-09,SUP-007,2026-03-09,2026-03,2026,570
SPD-007-2026-03-16,SUP-007,2026-03-16,2026-03,2026,597
SPD-007-2026-03-23,SUP-007,2026-03-23,2026-03,2026,634
SPD-007-2026-03-30,SUP-007,2026-03-30,2026-03,2026,592
SPD-007-2026-04-06,SUP-007,2026-04-06,2026-04,2026,381
SPD-007-2026-04-13,SUP-007,2026-04-13,2026-04,2026,439
SPD-007-2026-04-20,SUP-007,2026-04-20,2026-04,2026,443
SPD-007-2026-04-27,SUP-007,2026-04-27,2026-04,2026,465
SPD-007-2026-05-04,SUP-007,2026-05-04,2026-05,2026,476
SPD-007-2026-05-11,SUP-007,2026-05-11,2026-05,2026,480
SPD-007-2026-05-18,SUP-007,2026-05-18,2026-05,2026,432
SPD-007-2026-05-25,SUP-007,2026-05-25,2026-05,2026,444
SPD-007-2026-06-01,SUP-007,2026-06-01,2026-06,2026,503
SPD-007-2026-06-08,SUP-007,2026-06-08,2026-06,2026,523
SPD-007-2026-06-15,SUP-007,2026-06-15,2026-06,2026,556
SPD-008-2024-01-01,SUP-008,2024-01-01,2024-01,2024,215
SPD-008-2024-01-08,SUP-008,2024-01-08,2024-01,2024,190
SPD-008-2024-01-15,SUP-008,2024-01-15,2024-01,2024,211
SPD-008-2024-01-22,SUP-008,2024-01-22,2024-01,2024,244
SPD-008-2024-01-29,SUP-008,2024-01-29,2024-01,2024,271
SPD-008-2024-02-05,SUP-008,2024-02-05,2024-02,2024,287
SPD-008-2024-02-12,SUP-008,2024-02-12,2024-02,2024,245
SPD-008-2024-02-19,SUP-008,2024-02-19,2024-02,2024,255
SPD-008-2024-02-26,SUP-008,2024-02-26,2024-02,2024,272
SPD-008-2024-03-04,SUP-008,2024-03-04,2024-03,2024,282
SPD-008-2024-03-11,SUP-008,2024-03-11,2024-03,2024,315
SPD-008-2024-03-18,SUP-008,2024-03-18,2024-03,2024,301
SPD-008-2024-03-25,SUP-008,2024-03-25,2024-03,2024,253
SPD-008-2024-04-01,SUP-008,2024-04-01,2024-04,2024,208
SPD-008-2024-04-08,SUP-008,2024-04-08,2024-04,2024,254
SPD-008-2024-04-15,SUP-008,2024-04-15,2024-04,2024,267
SPD-008-2024-04-22,SUP-008,2024-04-22,2024-04,2024,187
SPD-008-2024-04-29,SUP-008,2024-04-29,2024-04,2024,249
SPD-008-2024-05-06,SUP-008,2024-05-06,2024-05,2024,209
SPD-008-2024-05-13,SUP-008,2024-05-13,2024-05,2024,254
SPD-008-2024-05-20,SUP-008,2024-05-20,2024-05,2024,217
SPD-008-2024-05-27,SUP-008,2024-05-27,2024-05,2024,218
SPD-008-2024-06-03,SUP-008,2024-06-03,2024-06,2024,239
SPD-008-2024-06-10,SUP-008,2024-06-10,2024-06,2024,231
SPD-008-2024-06-17,SUP-008,2024-06-17,2024-06,2024,272
SPD-008-2024-06-24,SUP-008,2024-06-24,2024-06,2024,242
SPD-008-2024-07-01,SUP-008,2024-07-01,2024-07,2024,355
SPD-008-2024-07-08,SUP-008,2024-07-08,2024-07,2024,270
SPD-008-2024-07-15,SUP-008,2024-07-15,2024-07,2024,290
SPD-008-2024-07-22,SUP-008,2024-07-22,2024-07,2024,311
SPD-008-2024-07-29,SUP-008,2024-07-29,2024-07,2024,365
SPD-008-2024-08-05,SUP-008,2024-08-05,2024-08,2024,203
SPD-008-2024-08-12,SUP-008,2024-08-12,2024-08,2024,192
SPD-008-2024-08-19,SUP-008,2024-08-19,2024-08,2024,189
SPD-008-2024-08-26,SUP-008,2024-08-26,2024-08,2024,228
SPD-008-2024-09-02,SUP-008,2024-09-02,2024-09,2024,222
SPD-008-2024-09-09,SUP-008,2024-09-09,2024-09,2024,221
SPD-008-2024-09-16,SUP-008,2024-09-16,2024-09,2024,309
SPD-008-2024-09-23,SUP-008,2024-09-23,2024-09,2024,320
SPD-008-2024-09-30,SUP-008,2024-09-30,2024-09,2024,276
SPD-008-2024-10-07,SUP-008,2024-10-07,2024-10,2024,317
SPD-008-2024-10-14,SUP-008,2024-10-14,2024-10,2024,320
SPD-008-2024-10-21,SUP-008,2024-10-21,2024-10,2024,242
SPD-008-2024-10-28,SUP-008,2024-10-28,2024-10,2024,304
SPD-008-2024-11-04,SUP-008,2024-11-04,2024-11,2024,398
SPD-008-2024-11-11,SUP-008,2024-11-11,2024-11,2024,389
SPD-008-2024-11-18,SUP-008,2024-11-18,2024-11,2024,285
SPD-008-2024-11-25,SUP-008,2024-11-25,2024-11,2024,373
SPD-008-2024-12-02,SUP-008,2024-12-02,2024-12,2024,269
SPD-008-2024-12-09,SUP-008,2024-12-09,2024-12,2024,276
SPD-008-2024-12-16,SUP-008,2024-12-16,2024-12,2024,256
SPD-008-2024-12-23,SUP-008,2024-12-23,2024-12,2024,232
SPD-008-2024-12-30,SUP-008,2024-12-30,2024-12,2024,226
SPD-008-2025-01-06,SUP-008,2025-01-06,2025-01,2025,265
SPD-008-2025-01-13,SUP-008,2025-01-13,2025-01,2025,255
SPD-008-2025-01-20,SUP-008,2025-01-20,2025-01,2025,280
SPD-008-2025-01-27,SUP-008,2025-01-27,2025-01,2025,283
SPD-008-2025-02-03,SUP-008,2025-02-03,2025-02,2025,312
SPD-008-2025-02-10,SUP-008,2025-02-10,2025-02,2025,328
SPD-008-2025-02-17,SUP-008,2025-02-17,2025-02,2025,368
SPD-008-2025-02-24,SUP-008,2025-02-24,2025-02,2025,362
SPD-008-2025-03-03,SUP-008,2025-03-03,2025-03,2025,301
SPD-008-2025-03-10,SUP-008,2025-03-10,2025-03,2025,298
SPD-008-2025-03-17,SUP-008,2025-03-17,2025-03,2025,307
SPD-008-2025-03-24,SUP-008,2025-03-24,2025-03,2025,305
SPD-008-2025-03-31,SUP-008,2025-03-31,2025-03,2025,377
SPD-008-2025-04-07,SUP-008,2025-04-07,2025-04,2025,203
SPD-008-2025-04-14,SUP-008,2025-04-14,2025-04,2025,219
SPD-008-2025-04-21,SUP-008,2025-04-21,2025-04,2025,281
SPD-008-2025-04-28,SUP-008,2025-04-28,2025-04,2025,258
SPD-008-2025-05-05,SUP-008,2025-05-05,2025-05,2025,327
SPD-008-2025-05-12,SUP-008,2025-05-12,2025-05,2025,273
SPD-008-2025-05-19,SUP-008,2025-05-19,2025-05,2025,308
SPD-008-2025-05-26,SUP-008,2025-05-26,2025-05,2025,230
SPD-008-2025-06-02,SUP-008,2025-06-02,2025-06,2025,285
SPD-008-2025-06-09,SUP-008,2025-06-09,2025-06,2025,372
SPD-008-2025-06-16,SUP-008,2025-06-16,2025-06,2025,304
SPD-008-2025-06-23,SUP-008,2025-06-23,2025-06,2025,292
SPD-008-2025-06-30,SUP-008,2025-06-30,2025-06,2025,372
SPD-008-2025-07-07,SUP-008,2025-07-07,2025-07,2025,352
SPD-008-2025-07-14,SUP-008,2025-07-14,2025-07,2025,417
SPD-008-2025-07-21,SUP-008,2025-07-21,2025-07,2025,407
SPD-008-2025-07-28,SUP-008,2025-07-28,2025-07,2025,333
SPD-008-2025-08-04,SUP-008,2025-08-04,2025-08,2025,308
SPD-008-2025-08-11,SUP-008,2025-08-11,2025-08,2025,286
SPD-008-2025-08-18,SUP-008,2025-08-18,2025-08,2025,302
SPD-008-2025-08-25,SUP-008,2025-08-25,2025-08,2025,237
SPD-008-2025-09-01,SUP-008,2025-09-01,2025-09,2025,353
SPD-008-2025-09-08,SUP-008,2025-09-08,2025-09,2025,276
SPD-008-2025-09-15,SUP-008,2025-09-15,2025-09,2025,299
SPD-008-2025-09-22,SUP-008,2025-09-22,2025-09,2025,267
SPD-008-2025-09-29,SUP-008,2025-09-29,2025-09,2025,310
SPD-008-2025-10-06,SUP-008,2025-10-06,2025-10,2025,338
SPD-008-2025-10-13,SUP-008,2025-10-13,2025-10,2025,386
SPD-008-2025-10-20,SUP-008,2025-10-20,2025-10,2025,319
SPD-008-2025-10-27,SUP-008,2025-10-27,2025-10,2025,366
SPD-008-2025-11-03,SUP-008,2025-11-03,2025-11,2025,419
SPD-008-2025-11-10,SUP-008,2025-11-10,2025-11,2025,406
SPD-008-2025-11-17,SUP-008,2025-11-17,2025-11,2025,417
SPD-008-2025-11-24,SUP-008,2025-11-24,2025-11,2025,381
SPD-008-2025-12-01,SUP-008,2025-12-01,2025-12,2025,229
SPD-008-2025-12-08,SUP-008,2025-12-08,2025-12,2025,224
SPD-008-2025-12-15,SUP-008,2025-12-15,2025-12,2025,275
SPD-008-2025-12-22,SUP-008,2025-12-22,2025-12,2025,280
SPD-008-2025-12-29,SUP-008,2025-12-29,2025-12,2025,259
SPD-008-2026-01-05,SUP-008,2026-01-05,2026-01,2026,364
SPD-008-2026-01-12,SUP-008,2026-01-12,2026-01,2026,360
SPD-008-2026-01-19,SUP-008,2026-01-19,2026-01,2026,368
SPD-008-2026-01-26,SUP-008,2026-01-26,2026-01,2026,289
SPD-008-2026-02-02,SUP-008,2026-02-02,2026-02,2026,352
SPD-008-2026-02-09,SUP-008,2026-02-09,2026-02,2026,363
SPD-008-2026-02-16,SUP-008,2026-02-16,2026-02,2026,334
SPD-008-2026-02-23,SUP-008,2026-02-23,2026-02,2026,376
SPD-008-2026-03-02,SUP-008,2026-03-02,2026-03,2026,347
SPD-008-2026-03-09,SUP-008,2026-03-09,2026-03,2026,431
SPD-008-2026-03-16,SUP-008,2026-03-16,2026-03,2026,440
SPD-008-2026-03-23,SUP-008,2026-03-23,2026-03,2026,443
SPD-008-2026-03-30,SUP-008,2026-03-30,2026-03,2026,410
SPD-008-2026-04-06,SUP-008,2026-04-06,2026-04,2026,308
SPD-008-2026-04-13,SUP-008,2026-04-13,2026-04,2026,255
SPD-008-2026-04-20,SUP-008,2026-04-20,2026-04,2026,231
SPD-008-2026-04-27,SUP-008,2026-04-27,2026-04,2026,255
SPD-008-2026-05-04,SUP-008,2026-05-04,2026-05,2026,263
SPD-008-2026-05-11,SUP-008,2026-05-11,2026-05,2026,260
SPD-008-2026-05-18,SUP-008,2026-05-18,2026-05,2026,354
SPD-008-2026-05-25,SUP-008,2026-05-25,2026-05,2026,299
SPD-008-2026-06-01,SUP-008,2026-06-01,2026-06,2026,407
SPD-008-2026-06-08,SUP-008,2026-06-08,2026-06,2026,319
SPD-008-2026-06-15,SUP-008,2026-06-15,2026-06,2026,318
SPD-009-2024-01-01,SUP-009,2024-01-01,2024-01,2024,278
SPD-009-2024-01-08,SUP-009,2024-01-08,2024-01,2024,218
SPD-009-2024-01-15,SUP-009,2024-01-15,2024-01,2024,269
SPD-009-2024-01-22,SUP-009,2024-01-22,2024-01,2024,233
SPD-009-2024-01-29,SUP-009,2024-01-29,2024-01,2024,323
SPD-009-2024-02-05,SUP-009,2024-02-05,2024-02,2024,255
SPD-009-2024-02-12,SUP-009,2024-02-12,2024-02,2024,348
SPD-009-2024-02-19,SUP-009,2024-02-19,2024-02,2024,342
SPD-009-2024-02-26,SUP-009,2024-02-26,2024-02,2024,294
SPD-009-2024-03-04,SUP-009,2024-03-04,2024-03,2024,305
SPD-009-2024-03-11,SUP-009,2024-03-11,2024-03,2024,349
SPD-009-2024-03-18,SUP-009,2024-03-18,2024-03,2024,395
SPD-009-2024-03-25,SUP-009,2024-03-25,2024-03,2024,364
SPD-009-2024-04-01,SUP-009,2024-04-01,2024-04,2024,236
SPD-009-2024-04-08,SUP-009,2024-04-08,2024-04,2024,216
SPD-009-2024-04-15,SUP-009,2024-04-15,2024-04,2024,295
SPD-009-2024-04-22,SUP-009,2024-04-22,2024-04,2024,195
SPD-009-2024-04-29,SUP-009,2024-04-29,2024-04,2024,282
SPD-009-2024-05-06,SUP-009,2024-05-06,2024-05,2024,273
SPD-009-2024-05-13,SUP-009,2024-05-13,2024-05,2024,323
SPD-009-2024-05-20,SUP-009,2024-05-20,2024-05,2024,327
SPD-009-2024-05-27,SUP-009,2024-05-27,2024-05,2024,279
SPD-009-2024-06-03,SUP-009,2024-06-03,2024-06,2024,286
SPD-009-2024-06-10,SUP-009,2024-06-10,2024-06,2024,337
SPD-009-2024-06-17,SUP-009,2024-06-17,2024-06,2024,289
SPD-009-2024-06-24,SUP-009,2024-06-24,2024-06,2024,363
SPD-009-2024-07-01,SUP-009,2024-07-01,2024-07,2024,418
SPD-009-2024-07-08,SUP-009,2024-07-08,2024-07,2024,355
SPD-009-2024-07-15,SUP-009,2024-07-15,2024-07,2024,306
SPD-009-2024-07-22,SUP-009,2024-07-22,2024-07,2024,404
SPD-009-2024-07-29,SUP-009,2024-07-29,2024-07,2024,335
SPD-009-2024-08-05,SUP-009,2024-08-05,2024-08,2024,290
SPD-009-2024-08-12,SUP-009,2024-08-12,2024-08,2024,258
SPD-009-2024-08-19,SUP-009,2024-08-19,2024-08,2024,304
SPD-009-2024-08-26,SUP-009,2024-08-26,2024-08,2024,294
SPD-009-2024-09-02,SUP-009,2024-09-02,2024-09,2024,254
SPD-009-2024-09-09,SUP-009,2024-09-09,2024-09,2024,329
SPD-009-2024-09-16,SUP-009,2024-09-16,2024-09,2024,299
SPD-009-2024-09-23,SUP-009,2024-09-23,2024-09,2024,314
SPD-009-2024-09-30,SUP-009,2024-09-30,2024-09,2024,242
SPD-009-2024-10-07,SUP-009,2024-10-07,2024-10,2024,326
SPD-009-2024-10-14,SUP-009,2024-10-14,2024-10,2024,349
SPD-009-2024-10-21,SUP-009,2024-10-21,2024-10,2024,307
SPD-009-2024-10-28,SUP-009,2024-10-28,2024-10,2024,337
SPD-009-2024-11-04,SUP-009,2024-11-04,2024-11,2024,354
SPD-009-2024-11-11,SUP-009,2024-11-11,2024-11,2024,395
SPD-009-2024-11-18,SUP-009,2024-11-18,2024-11,2024,358
SPD-009-2024-11-25,SUP-009,2024-11-25,2024-11,2024,390
SPD-009-2024-12-02,SUP-009,2024-12-02,2024-12,2024,220
SPD-009-2024-12-09,SUP-009,2024-12-09,2024-12,2024,242
SPD-009-2024-12-16,SUP-009,2024-12-16,2024-12,2024,257
SPD-009-2024-12-23,SUP-009,2024-12-23,2024-12,2024,218
SPD-009-2024-12-30,SUP-009,2024-12-30,2024-12,2024,285
SPD-009-2025-01-06,SUP-009,2025-01-06,2025-01,2025,285
SPD-009-2025-01-13,SUP-009,2025-01-13,2025-01,2025,343
SPD-009-2025-01-20,SUP-009,2025-01-20,2025-01,2025,278
SPD-009-2025-01-27,SUP-009,2025-01-27,2025-01,2025,281
SPD-009-2025-02-03,SUP-009,2025-02-03,2025-02,2025,297
SPD-009-2025-02-10,SUP-009,2025-02-10,2025-02,2025,382
SPD-009-2025-02-17,SUP-009,2025-02-17,2025-02,2025,398
SPD-009-2025-02-24,SUP-009,2025-02-24,2025-02,2025,352
SPD-009-2025-03-03,SUP-009,2025-03-03,2025-03,2025,369
SPD-009-2025-03-10,SUP-009,2025-03-10,2025-03,2025,453
SPD-009-2025-03-17,SUP-009,2025-03-17,2025-03,2025,395
SPD-009-2025-03-24,SUP-009,2025-03-24,2025-03,2025,388
SPD-009-2025-03-31,SUP-009,2025-03-31,2025-03,2025,442
SPD-009-2025-04-07,SUP-009,2025-04-07,2025-04,2025,296
SPD-009-2025-04-14,SUP-009,2025-04-14,2025-04,2025,212
SPD-009-2025-04-21,SUP-009,2025-04-21,2025-04,2025,277
SPD-009-2025-04-28,SUP-009,2025-04-28,2025-04,2025,310
SPD-009-2025-05-05,SUP-009,2025-05-05,2025-05,2025,277
SPD-009-2025-05-12,SUP-009,2025-05-12,2025-05,2025,309
SPD-009-2025-05-19,SUP-009,2025-05-19,2025-05,2025,344
SPD-009-2025-05-26,SUP-009,2025-05-26,2025-05,2025,302
SPD-009-2025-06-02,SUP-009,2025-06-02,2025-06,2025,305
SPD-009-2025-06-09,SUP-009,2025-06-09,2025-06,2025,332
SPD-009-2025-06-16,SUP-009,2025-06-16,2025-06,2025,389
SPD-009-2025-06-23,SUP-009,2025-06-23,2025-06,2025,402
SPD-009-2025-06-30,SUP-009,2025-06-30,2025-06,2025,315
SPD-009-2025-07-07,SUP-009,2025-07-07,2025-07,2025,414
SPD-009-2025-07-14,SUP-009,2025-07-14,2025-07,2025,390
SPD-009-2025-07-21,SUP-009,2025-07-21,2025-07,2025,370
SPD-009-2025-07-28,SUP-009,2025-07-28,2025-07,2025,434
SPD-009-2025-08-04,SUP-009,2025-08-04,2025-08,2025,324
SPD-009-2025-08-11,SUP-009,2025-08-11,2025-08,2025,303
SPD-009-2025-08-18,SUP-009,2025-08-18,2025-08,2025,304
SPD-009-2025-08-25,SUP-009,2025-08-25,2025-08,2025,269
SPD-009-2025-09-01,SUP-009,2025-09-01,2025-09,2025,386
SPD-009-2025-09-08,SUP-009,2025-09-08,2025-09,2025,303
SPD-009-2025-09-15,SUP-009,2025-09-15,2025-09,2025,336
SPD-009-2025-09-22,SUP-009,2025-09-22,2025-09,2025,318
SPD-009-2025-09-29,SUP-009,2025-09-29,2025-09,2025,362
SPD-009-2025-10-06,SUP-009,2025-10-06,2025-10,2025,358
SPD-009-2025-10-13,SUP-009,2025-10-13,2025-10,2025,409
SPD-009-2025-10-20,SUP-009,2025-10-20,2025-10,2025,350
SPD-009-2025-10-27,SUP-009,2025-10-27,2025-10,2025,326
SPD-009-2025-11-03,SUP-009,2025-11-03,2025-11,2025,401
SPD-009-2025-11-10,SUP-009,2025-11-10,2025-11,2025,374
SPD-009-2025-11-17,SUP-009,2025-11-17,2025-11,2025,435
SPD-009-2025-11-24,SUP-009,2025-11-24,2025-11,2025,382
SPD-009-2025-12-01,SUP-009,2025-12-01,2025-12,2025,328
SPD-009-2025-12-08,SUP-009,2025-12-08,2025-12,2025,287
SPD-009-2025-12-15,SUP-009,2025-12-15,2025-12,2025,339
SPD-009-2025-12-22,SUP-009,2025-12-22,2025-12,2025,238
SPD-009-2025-12-29,SUP-009,2025-12-29,2025-12,2025,285
SPD-009-2026-01-05,SUP-009,2026-01-05,2026-01,2026,366
SPD-009-2026-01-12,SUP-009,2026-01-12,2026-01,2026,404
SPD-009-2026-01-19,SUP-009,2026-01-19,2026-01,2026,378
SPD-009-2026-01-26,SUP-009,2026-01-26,2026-01,2026,330
SPD-009-2026-02-02,SUP-009,2026-02-02,2026-02,2026,445
SPD-009-2026-02-09,SUP-009,2026-02-09,2026-02,2026,441
SPD-009-2026-02-16,SUP-009,2026-02-16,2026-02,2026,414
SPD-009-2026-02-23,SUP-009,2026-02-23,2026-02,2026,441
SPD-009-2026-03-02,SUP-009,2026-03-02,2026-03,2026,415
SPD-009-2026-03-09,SUP-009,2026-03-09,2026-03,2026,484
SPD-009-2026-03-16,SUP-009,2026-03-16,2026-03,2026,505
SPD-009-2026-03-23,SUP-009,2026-03-23,2026-03,2026,504
SPD-009-2026-03-30,SUP-009,2026-03-30,2026-03,2026,467
SPD-009-2026-04-06,SUP-009,2026-04-06,2026-04,2026,326
SPD-009-2026-04-13,SUP-009,2026-04-13,2026-04,2026,357
SPD-009-2026-04-20,SUP-009,2026-04-20,2026-04,2026,278
SPD-009-2026-04-27,SUP-009,2026-04-27,2026-04,2026,280
SPD-009-2026-05-04,SUP-009,2026-05-04,2026-05,2026,413
SPD-009-2026-05-11,SUP-009,2026-05-11,2026-05,2026,361
SPD-009-2026-05-18,SUP-009,2026-05-18,2026-05,2026,334
SPD-009-2026-05-25,SUP-009,2026-05-25,2026-05,2026,371
SPD-009-2026-06-01,SUP-009,2026-06-01,2026-06,2026,468
SPD-009-2026-06-08,SUP-009,2026-06-08,2026-06,2026,418
SPD-009-2026-06-15,SUP-009,2026-06-15,2026-06,2026,455
SPD-010-2024-01-01,SUP-010,2024-01-01,2024-01,2024,132
SPD-010-2024-01-08,SUP-010,2024-01-08,2024-01,2024,164
SPD-010-2024-01-15,SUP-010,2024-01-15,2024-01,2024,213
SPD-010-2024-01-22,SUP-010,2024-01-22,2024-01,2024,236
SPD-010-2024-01-29,SUP-010,2024-01-29,2024-01,2024,180
SPD-010-2024-02-05,SUP-010,2024-02-05,2024-02,2024,162
SPD-010-2024-02-12,SUP-010,2024-02-12,2024-02,2024,250
SPD-010-2024-02-19,SUP-010,2024-02-19,2024-02,2024,236
SPD-010-2024-02-26,SUP-010,2024-02-26,2024-02,2024,255
SPD-010-2024-03-04,SUP-010,2024-03-04,2024-03,2024,218
SPD-010-2024-03-11,SUP-010,2024-03-11,2024-03,2024,261
SPD-010-2024-03-18,SUP-010,2024-03-18,2024-03,2024,296
SPD-010-2024-03-25,SUP-010,2024-03-25,2024-03,2024,208
SPD-010-2024-04-01,SUP-010,2024-04-01,2024-04,2024,198
SPD-010-2024-04-08,SUP-010,2024-04-08,2024-04,2024,169
SPD-010-2024-04-15,SUP-010,2024-04-15,2024-04,2024,117
SPD-010-2024-04-22,SUP-010,2024-04-22,2024-04,2024,231
SPD-010-2024-04-29,SUP-010,2024-04-29,2024-04,2024,220
SPD-010-2024-05-06,SUP-010,2024-05-06,2024-05,2024,181
SPD-010-2024-05-13,SUP-010,2024-05-13,2024-05,2024,245
SPD-010-2024-05-20,SUP-010,2024-05-20,2024-05,2024,153
SPD-010-2024-05-27,SUP-010,2024-05-27,2024-05,2024,221
SPD-010-2024-06-03,SUP-010,2024-06-03,2024-06,2024,269
SPD-010-2024-06-10,SUP-010,2024-06-10,2024-06,2024,248
SPD-010-2024-06-17,SUP-010,2024-06-17,2024-06,2024,219
SPD-010-2024-06-24,SUP-010,2024-06-24,2024-06,2024,177
SPD-010-2024-07-01,SUP-010,2024-07-01,2024-07,2024,227
SPD-010-2024-07-08,SUP-010,2024-07-08,2024-07,2024,240
SPD-010-2024-07-15,SUP-010,2024-07-15,2024-07,2024,268
SPD-010-2024-07-22,SUP-010,2024-07-22,2024-07,2024,306
SPD-010-2024-07-29,SUP-010,2024-07-29,2024-07,2024,322
SPD-010-2024-08-05,SUP-010,2024-08-05,2024-08,2024,152
SPD-010-2024-08-12,SUP-010,2024-08-12,2024-08,2024,191
SPD-010-2024-08-19,SUP-010,2024-08-19,2024-08,2024,214
SPD-010-2024-08-26,SUP-010,2024-08-26,2024-08,2024,148
SPD-010-2024-09-02,SUP-010,2024-09-02,2024-09,2024,216
SPD-010-2024-09-09,SUP-010,2024-09-09,2024-09,2024,152
SPD-010-2024-09-16,SUP-010,2024-09-16,2024-09,2024,199
SPD-010-2024-09-23,SUP-010,2024-09-23,2024-09,2024,206
SPD-010-2024-09-30,SUP-010,2024-09-30,2024-09,2024,165
SPD-010-2024-10-07,SUP-010,2024-10-07,2024-10,2024,215
SPD-010-2024-10-14,SUP-010,2024-10-14,2024-10,2024,281
SPD-010-2024-10-21,SUP-010,2024-10-21,2024-10,2024,279
SPD-010-2024-10-28,SUP-010,2024-10-28,2024-10,2024,297
SPD-010-2024-11-04,SUP-010,2024-11-04,2024-11,2024,299
SPD-010-2024-11-11,SUP-010,2024-11-11,2024-11,2024,307
SPD-010-2024-11-18,SUP-010,2024-11-18,2024-11,2024,332
SPD-010-2024-11-25,SUP-010,2024-11-25,2024-11,2024,289
SPD-010-2024-12-02,SUP-010,2024-12-02,2024-12,2024,163
SPD-010-2024-12-09,SUP-010,2024-12-09,2024-12,2024,209
SPD-010-2024-12-16,SUP-010,2024-12-16,2024-12,2024,248
SPD-010-2024-12-23,SUP-010,2024-12-23,2024-12,2024,199
SPD-010-2024-12-30,SUP-010,2024-12-30,2024-12,2024,194
SPD-010-2025-01-06,SUP-010,2025-01-06,2025-01,2025,228
SPD-010-2025-01-13,SUP-010,2025-01-13,2025-01,2025,209
SPD-010-2025-01-20,SUP-010,2025-01-20,2025-01,2025,231
SPD-010-2025-01-27,SUP-010,2025-01-27,2025-01,2025,236
SPD-010-2025-02-03,SUP-010,2025-02-03,2025-02,2025,220
SPD-010-2025-02-10,SUP-010,2025-02-10,2025-02,2025,272
SPD-010-2025-02-17,SUP-010,2025-02-17,2025-02,2025,213
SPD-010-2025-02-24,SUP-010,2025-02-24,2025-02,2025,233
SPD-010-2025-03-03,SUP-010,2025-03-03,2025-03,2025,233
SPD-010-2025-03-10,SUP-010,2025-03-10,2025-03,2025,299
SPD-010-2025-03-17,SUP-010,2025-03-17,2025-03,2025,316
SPD-010-2025-03-24,SUP-010,2025-03-24,2025-03,2025,345
SPD-010-2025-03-31,SUP-010,2025-03-31,2025-03,2025,250
SPD-010-2025-04-07,SUP-010,2025-04-07,2025-04,2025,194
SPD-010-2025-04-14,SUP-010,2025-04-14,2025-04,2025,247
SPD-010-2025-04-21,SUP-010,2025-04-21,2025-04,2025,215
SPD-010-2025-04-28,SUP-010,2025-04-28,2025-04,2025,221
SPD-010-2025-05-05,SUP-010,2025-05-05,2025-05,2025,280
SPD-010-2025-05-12,SUP-010,2025-05-12,2025-05,2025,209
SPD-010-2025-05-19,SUP-010,2025-05-19,2025-05,2025,185
SPD-010-2025-05-26,SUP-010,2025-05-26,2025-05,2025,285
SPD-010-2025-06-02,SUP-010,2025-06-02,2025-06,2025,225
SPD-010-2025-06-09,SUP-010,2025-06-09,2025-06,2025,215
SPD-010-2025-06-16,SUP-010,2025-06-16,2025-06,2025,211
SPD-010-2025-06-23,SUP-010,2025-06-23,2025-06,2025,231
SPD-010-2025-06-30,SUP-010,2025-06-30,2025-06,2025,231
SPD-010-2025-07-07,SUP-010,2025-07-07,2025-07,2025,340
SPD-010-2025-07-14,SUP-010,2025-07-14,2025-07,2025,269
SPD-010-2025-07-21,SUP-010,2025-07-21,2025-07,2025,287
SPD-010-2025-07-28,SUP-010,2025-07-28,2025-07,2025,307
SPD-010-2025-08-04,SUP-010,2025-08-04,2025-08,2025,260
SPD-010-2025-08-11,SUP-010,2025-08-11,2025-08,2025,181
SPD-010-2025-08-18,SUP-010,2025-08-18,2025-08,2025,208
SPD-010-2025-08-25,SUP-010,2025-08-25,2025-08,2025,146
SPD-010-2025-09-01,SUP-010,2025-09-01,2025-09,2025,187
SPD-010-2025-09-08,SUP-010,2025-09-08,2025-09,2025,299
SPD-010-2025-09-15,SUP-010,2025-09-15,2025-09,2025,235
SPD-010-2025-09-22,SUP-010,2025-09-22,2025-09,2025,249
SPD-010-2025-09-29,SUP-010,2025-09-29,2025-09,2025,238
SPD-010-2025-10-06,SUP-010,2025-10-06,2025-10,2025,289
SPD-010-2025-10-13,SUP-010,2025-10-13,2025-10,2025,307
SPD-010-2025-10-20,SUP-010,2025-10-20,2025-10,2025,305
SPD-010-2025-10-27,SUP-010,2025-10-27,2025-10,2025,304
SPD-010-2025-11-03,SUP-010,2025-11-03,2025-11,2025,272
SPD-010-2025-11-10,SUP-010,2025-11-10,2025-11,2025,264
SPD-010-2025-11-17,SUP-010,2025-11-17,2025-11,2025,335
SPD-010-2025-11-24,SUP-010,2025-11-24,2025-11,2025,349
SPD-010-2025-12-01,SUP-010,2025-12-01,2025-12,2025,194
SPD-010-2025-12-08,SUP-010,2025-12-08,2025-12,2025,215
SPD-010-2025-12-15,SUP-010,2025-12-15,2025-12,2025,203
SPD-010-2025-12-22,SUP-010,2025-12-22,2025-12,2025,242
SPD-010-2025-12-29,SUP-010,2025-12-29,2025-12,2025,221
SPD-010-2026-01-05,SUP-010,2026-01-05,2026-01,2026,189
SPD-010-2026-01-12,SUP-010,2026-01-12,2026-01,2026,255
SPD-010-2026-01-19,SUP-010,2026-01-19,2026-01,2026,242
SPD-010-2026-01-26,SUP-010,2026-01-26,2026-01,2026,248
SPD-010-2026-02-02,SUP-010,2026-02-02,2026-02,2026,251
SPD-010-2026-02-09,SUP-010,2026-02-09,2026-02,2026,304
SPD-010-2026-02-16,SUP-010,2026-02-16,2026-02,2026,345
SPD-010-2026-02-23,SUP-010,2026-02-23,2026-02,2026,329
SPD-010-2026-03-02,SUP-010,2026-03-02,2026-03,2026,266
SPD-010-2026-03-09,SUP-010,2026-03-09,2026-03,2026,278
SPD-010-2026-03-16,SUP-010,2026-03-16,2026-03,2026,267
SPD-010-2026-03-23,SUP-010,2026-03-23,2026-03,2026,299
SPD-010-2026-03-30,SUP-010,2026-03-30,2026-03,2026,307
SPD-010-2026-04-06,SUP-010,2026-04-06,2026-04,2026,239
SPD-010-2026-04-13,SUP-010,2026-04-13,2026-04,2026,265
SPD-010-2026-04-20,SUP-010,2026-04-20,2026-04,2026,262
SPD-010-2026-04-27,SUP-010,2026-04-27,2026-04,2026,186
SPD-010-2026-05-04,SUP-010,2026-05-04,2026-05,2026,221
SPD-010-2026-05-11,SUP-010,2026-05-11,2026-05,2026,286
SPD-010-2026-05-18,SUP-010,2026-05-18,2026-05,2026,311
SPD-010-2026-05-25,SUP-010,2026-05-25,2026-05,2026,300
SPD-010-2026-06-01,SUP-010,2026-06-01,2026-06,2026,309
SPD-010-2026-06-08,SUP-010,2026-06-08,2026-06,2026,313
SPD-010-2026-06-15,SUP-010,2026-06-15,2026-06,2026,262
SPD-011-2024-01-01,SUP-011,2024-01-01,2024-01,2024,300
SPD-011-2024-01-08,SUP-011,2024-01-08,2024-01,2024,305
SPD-011-2024-01-15,SUP-011,2024-01-15,2024-01,2024,226
SPD-011-2024-01-22,SUP-011,2024-01-22,2024-01,2024,317
SPD-011-2024-01-29,SUP-011,2024-01-29,2024-01,2024,246
SPD-011-2024-02-05,SUP-011,2024-02-05,2024-02,2024,357
SPD-011-2024-02-12,SUP-011,2024-02-12,2024-02,2024,361
SPD-011-2024-02-19,SUP-011,2024-02-19,2024-02,2024,337
SPD-011-2024-02-26,SUP-011,2024-02-26,2024-02,2024,280
SPD-011-2024-03-04,SUP-011,2024-03-04,2024-03,2024,317
SPD-011-2024-03-11,SUP-011,2024-03-11,2024-03,2024,326
SPD-011-2024-03-18,SUP-011,2024-03-18,2024-03,2024,311
SPD-011-2024-03-25,SUP-011,2024-03-25,2024-03,2024,341
SPD-011-2024-04-01,SUP-011,2024-04-01,2024-04,2024,249
SPD-011-2024-04-08,SUP-011,2024-04-08,2024-04,2024,299
SPD-011-2024-04-15,SUP-011,2024-04-15,2024-04,2024,267
SPD-011-2024-04-22,SUP-011,2024-04-22,2024-04,2024,201
SPD-011-2024-04-29,SUP-011,2024-04-29,2024-04,2024,300
SPD-011-2024-05-06,SUP-011,2024-05-06,2024-05,2024,288
SPD-011-2024-05-13,SUP-011,2024-05-13,2024-05,2024,263
SPD-011-2024-05-20,SUP-011,2024-05-20,2024-05,2024,339
SPD-011-2024-05-27,SUP-011,2024-05-27,2024-05,2024,235
SPD-011-2024-06-03,SUP-011,2024-06-03,2024-06,2024,277
SPD-011-2024-06-10,SUP-011,2024-06-10,2024-06,2024,346
SPD-011-2024-06-17,SUP-011,2024-06-17,2024-06,2024,328
SPD-011-2024-06-24,SUP-011,2024-06-24,2024-06,2024,383
SPD-011-2024-07-01,SUP-011,2024-07-01,2024-07,2024,347
SPD-011-2024-07-08,SUP-011,2024-07-08,2024-07,2024,390
SPD-011-2024-07-15,SUP-011,2024-07-15,2024-07,2024,381
SPD-011-2024-07-22,SUP-011,2024-07-22,2024-07,2024,364
SPD-011-2024-07-29,SUP-011,2024-07-29,2024-07,2024,433
SPD-011-2024-08-05,SUP-011,2024-08-05,2024-08,2024,246
SPD-011-2024-08-12,SUP-011,2024-08-12,2024-08,2024,312
SPD-011-2024-08-19,SUP-011,2024-08-19,2024-08,2024,236
SPD-011-2024-08-26,SUP-011,2024-08-26,2024-08,2024,270
SPD-011-2024-09-02,SUP-011,2024-09-02,2024-09,2024,261
SPD-011-2024-09-09,SUP-011,2024-09-09,2024-09,2024,351
SPD-011-2024-09-16,SUP-011,2024-09-16,2024-09,2024,303
SPD-011-2024-09-23,SUP-011,2024-09-23,2024-09,2024,328
SPD-011-2024-09-30,SUP-011,2024-09-30,2024-09,2024,359
SPD-011-2024-10-07,SUP-011,2024-10-07,2024-10,2024,313
SPD-011-2024-10-14,SUP-011,2024-10-14,2024-10,2024,313
SPD-011-2024-10-21,SUP-011,2024-10-21,2024-10,2024,321
SPD-011-2024-10-28,SUP-011,2024-10-28,2024-10,2024,318
SPD-011-2024-11-04,SUP-011,2024-11-04,2024-11,2024,376
SPD-011-2024-11-11,SUP-011,2024-11-11,2024-11,2024,448
SPD-011-2024-11-18,SUP-011,2024-11-18,2024-11,2024,367
SPD-011-2024-11-25,SUP-011,2024-11-25,2024-11,2024,351
SPD-011-2024-12-02,SUP-011,2024-12-02,2024-12,2024,228
SPD-011-2024-12-09,SUP-011,2024-12-09,2024-12,2024,282
SPD-011-2024-12-16,SUP-011,2024-12-16,2024-12,2024,256
SPD-011-2024-12-23,SUP-011,2024-12-23,2024-12,2024,287
SPD-011-2024-12-30,SUP-011,2024-12-30,2024-12,2024,276
SPD-011-2025-01-06,SUP-011,2025-01-06,2025-01,2025,293
SPD-011-2025-01-13,SUP-011,2025-01-13,2025-01,2025,279
SPD-011-2025-01-20,SUP-011,2025-01-20,2025-01,2025,286
SPD-011-2025-01-27,SUP-011,2025-01-27,2025-01,2025,352
SPD-011-2025-02-03,SUP-011,2025-02-03,2025-02,2025,299
SPD-011-2025-02-10,SUP-011,2025-02-10,2025-02,2025,322
SPD-011-2025-02-17,SUP-011,2025-02-17,2025-02,2025,342
SPD-011-2025-02-24,SUP-011,2025-02-24,2025-02,2025,366
SPD-011-2025-03-03,SUP-011,2025-03-03,2025-03,2025,443
SPD-011-2025-03-10,SUP-011,2025-03-10,2025-03,2025,390
SPD-011-2025-03-17,SUP-011,2025-03-17,2025-03,2025,432
SPD-011-2025-03-24,SUP-011,2025-03-24,2025-03,2025,460
SPD-011-2025-03-31,SUP-011,2025-03-31,2025-03,2025,458
SPD-011-2025-04-07,SUP-011,2025-04-07,2025-04,2025,253
SPD-011-2025-04-14,SUP-011,2025-04-14,2025-04,2025,276
SPD-011-2025-04-21,SUP-011,2025-04-21,2025-04,2025,264
SPD-011-2025-04-28,SUP-011,2025-04-28,2025-04,2025,269
SPD-011-2025-05-05,SUP-011,2025-05-05,2025-05,2025,330
SPD-011-2025-05-12,SUP-011,2025-05-12,2025-05,2025,315
SPD-011-2025-05-19,SUP-011,2025-05-19,2025-05,2025,300
SPD-011-2025-05-26,SUP-011,2025-05-26,2025-05,2025,346
SPD-011-2025-06-02,SUP-011,2025-06-02,2025-06,2025,426
SPD-011-2025-06-09,SUP-011,2025-06-09,2025-06,2025,333
SPD-011-2025-06-16,SUP-011,2025-06-16,2025-06,2025,341
SPD-011-2025-06-23,SUP-011,2025-06-23,2025-06,2025,319
SPD-011-2025-06-30,SUP-011,2025-06-30,2025-06,2025,394
SPD-011-2025-07-07,SUP-011,2025-07-07,2025-07,2025,395
SPD-011-2025-07-14,SUP-011,2025-07-14,2025-07,2025,436
SPD-011-2025-07-21,SUP-011,2025-07-21,2025-07,2025,436
SPD-011-2025-07-28,SUP-011,2025-07-28,2025-07,2025,417
SPD-011-2025-08-04,SUP-011,2025-08-04,2025-08,2025,271
SPD-011-2025-08-11,SUP-011,2025-08-11,2025-08,2025,258
SPD-011-2025-08-18,SUP-011,2025-08-18,2025-08,2025,249
SPD-011-2025-08-25,SUP-011,2025-08-25,2025-08,2025,270
SPD-011-2025-09-01,SUP-011,2025-09-01,2025-09,2025,347
SPD-011-2025-09-08,SUP-011,2025-09-08,2025-09,2025,378
SPD-011-2025-09-15,SUP-011,2025-09-15,2025-09,2025,339
SPD-011-2025-09-22,SUP-011,2025-09-22,2025-09,2025,399
SPD-011-2025-09-29,SUP-011,2025-09-29,2025-09,2025,286
SPD-011-2025-10-06,SUP-011,2025-10-06,2025-10,2025,359
SPD-011-2025-10-13,SUP-011,2025-10-13,2025-10,2025,351
SPD-011-2025-10-20,SUP-011,2025-10-20,2025-10,2025,354
SPD-011-2025-10-27,SUP-011,2025-10-27,2025-10,2025,418
SPD-011-2025-11-03,SUP-011,2025-11-03,2025-11,2025,406
SPD-011-2025-11-10,SUP-011,2025-11-10,2025-11,2025,490
SPD-011-2025-11-17,SUP-011,2025-11-17,2025-11,2025,393
SPD-011-2025-11-24,SUP-011,2025-11-24,2025-11,2025,397
SPD-011-2025-12-01,SUP-011,2025-12-01,2025-12,2025,350
SPD-011-2025-12-08,SUP-011,2025-12-08,2025-12,2025,305
SPD-011-2025-12-15,SUP-011,2025-12-15,2025-12,2025,294
SPD-011-2025-12-22,SUP-011,2025-12-22,2025-12,2025,281
SPD-011-2025-12-29,SUP-011,2025-12-29,2025-12,2025,332
SPD-011-2026-01-05,SUP-011,2026-01-05,2026-01,2026,378
SPD-011-2026-01-12,SUP-011,2026-01-12,2026-01,2026,298
SPD-011-2026-01-19,SUP-011,2026-01-19,2026-01,2026,323
SPD-011-2026-01-26,SUP-011,2026-01-26,2026-01,2026,309
SPD-011-2026-02-02,SUP-011,2026-02-02,2026-02,2026,408
SPD-011-2026-02-09,SUP-011,2026-02-09,2026-02,2026,362
SPD-011-2026-02-16,SUP-011,2026-02-16,2026-02,2026,389
SPD-011-2026-02-23,SUP-011,2026-02-23,2026-02,2026,378
SPD-011-2026-03-02,SUP-011,2026-03-02,2026-03,2026,398
SPD-011-2026-03-09,SUP-011,2026-03-09,2026-03,2026,517
SPD-011-2026-03-16,SUP-011,2026-03-16,2026-03,2026,425
SPD-011-2026-03-23,SUP-011,2026-03-23,2026-03,2026,443
SPD-011-2026-03-30,SUP-011,2026-03-30,2026-03,2026,511
SPD-011-2026-04-06,SUP-011,2026-04-06,2026-04,2026,304
SPD-011-2026-04-13,SUP-011,2026-04-13,2026-04,2026,325
SPD-011-2026-04-20,SUP-011,2026-04-20,2026-04,2026,342
SPD-011-2026-04-27,SUP-011,2026-04-27,2026-04,2026,333
SPD-011-2026-05-04,SUP-011,2026-05-04,2026-05,2026,315
SPD-011-2026-05-11,SUP-011,2026-05-11,2026-05,2026,422
SPD-011-2026-05-18,SUP-011,2026-05-18,2026-05,2026,403
SPD-011-2026-05-25,SUP-011,2026-05-25,2026-05,2026,399
SPD-011-2026-06-01,SUP-011,2026-06-01,2026-06,2026,390
SPD-011-2026-06-08,SUP-011,2026-06-08,2026-06,2026,400
SPD-011-2026-06-15,SUP-011,2026-06-15,2026-06,2026,370
